Cohort,Settlement Date,Family,Facility,Tank,TaskID,Inventory Date,Months since Set date,Total Animals,Mean SL (mm)
2019,5/30/2019,OR94 X GR09,MCR,B24,Inventory_1,12/3/2019,6,50,3.840
2019,5/30/2019,OR94 X GR09,MCR,B25,Inventory_1,12/3/2019,6,112,4.240
2019,5/30/2019,OR94 X OR85,MCR,B34,Inventory_1,12/3/2019,6,124,4.483
2019,5/30/2019,OR94 X OR97,MCR,B22,Inventory_1,12/3/2019,6,103,4.530
2019,6/6/2019,OR98 X GR05,MCR,B37,Inventory_1,12/3/2019,5,113,3.140
2019,6/6/2019,OR98 X OR87,MCR,B26,Inventory_1,12/3/2019,5,242,4.160
2019,6/6/2019,OR98 X OR95,MCR,B27,Inventory_1,12/3/2019,5,11,2.945
2019,6/6/2019,GR03 X GR08,MCR,C23,Inventory_1,12/4/2019,5,51,4.680
2019,6/6/2019,GR03 X GR08,MCR,C33,Inventory_1,12/4/2019,5,7,4.786
2019,6/6/2019,GR03 X GR11,MCR,C24,Inventory_1,12/4/2019,5,109,5.260
2019,6/6/2019,GR03 X GR11,MCR,C34,Inventory_1,12/4/2019,5,25,3.850
2019,6/6/2019,OR92 X GR08,MCR,C31,Inventory_1,12/4/2019,5,18,4.573
2019,6/6/2019,OR92 X GR08,MCR,C32,Inventory_1,12/4/2019,5,86,4.693
2019,6/6/2019,OR93 X GR11,MCR,C25,Inventory_1,12/4/2019,5,35,5.383
2019,5/30/2019,OR94 X GR09,MCR,C22,Inventory_1,12/4/2019,6,67,4.580
2019,5/30/2019,OR94 X OR85,MCR,C21,Inventory_1,12/4/2019,6,57,3.667
2019,6/6/2019,GR03 X GR08,MCR,D09,Inventory_1,12/8/2019,6,4,6.600
2019,6/6/2019,GR03 X GR11,MCR,D15,Inventory_1,12/8/2019,6,41,3.560
2019,6/6/2019,OR88 X GR05,MCR,C35,Inventory_1,12/8/2019,6,514,3.543
2019,5/30/2019,OR94 X OR85,MCR,D11,Inventory_1,12/8/2019,6,6,6.040
2019,5/30/2019,OR94 X OR85,MCR,D17,Inventory_1,12/8/2019,6,4,5.725
2019,5/30/2019,OR94 X OR97,MCR,D10,Inventory_1,12/8/2019,6,43,3.920
2019,5/30/2019,OR94 X OR97,MCR,D16,Inventory_1,12/8/2019,6,21,4.760
2019,6/18/2019,GR14 X OR29,MCR,B11,Inventory_1,12/17/2019,5,125,3.680
2019,6/18/2019,GR14 X OR29,MCR,B13,Inventory_1,12/17/2019,5,57,2.600
2019,6/18/2019,GR14 X OR29,MCR,B14,Inventory_1,12/17/2019,5,206,3.300
2019,6/18/2019,GR14 X OR29,MCR,B15,Inventory_1,12/17/2019,5,217,2.820
2019,6/18/2019,GR14 X OR55,MCR,B28,Inventory_1,12/17/2019,5,82,6.200
2019,6/18/2019,GR14 X OR55,MCR,B29,Inventory_1,12/17/2019,5,126,4.480
2019,6/18/2019,GR14 X OR55,MCR,B30,Inventory_1,12/17/2019,5,91,4.480
2019,6/18/2019,GR14 X OR55,MCR,B39,Inventory_1,12/17/2019,5,31,3.980
2019,6/18/2019,GR14 X OR55,MCR,B40,Inventory_1,12/17/2019,5,19,3.000
2019,6/18/2019,GR14 X OR55,MCR,D13,Inventory_1,12/17/2019,5,17,4.480
2019,6/18/2019,GR14 X OR55,MCR,D14,Inventory_1,12/17/2019,5,15,4.760
2019,6/18/2019,GR14 X OR29,MCR,D04,Inventory_1,12/18/2019,6,51,4.280
2019,6/18/2019,GR14 X OR29,MCR,D05,Inventory_1,12/18/2019,6,153,3.920
2019,6/18/2019,GR14 X OR50,MCR,C26,Inventory_1,12/18/2019,6,87,3.520
2019,6/18/2019,GR14 X OR50,MCR,C27,Inventory_1,12/18/2019,6,40,6.640
2019,6/18/2019,GR14 X OR50,MCR,C28,Inventory_1,12/18/2019,6,89,5.520
2019,6/18/2019,GR14 X OR50,MCR,C29,Inventory_1,12/18/2019,6,46,5.200
2019,6/18/2019,GR14 X OR50,MCR,C30,Inventory_1,12/18/2019,6,17,2.960
2019,6/18/2019,GR14 X OR50,MCR,D02,Inventory_1,12/18/2019,6,48,3.480
2019,6/18/2019,GR14 X OR50,MCR,D03,Inventory_1,12/18/2019,6,25,5.060
2019,6/18/2019,GR14 X OR50,MCR,D08,Inventory_1,12/18/2019,6,15,4.600
2019,7/3/2019,OR67 X GR08,MCR,B01,Inventory_1,12/30/2019,5,121,4.017
2019,7/3/2019,OR67 X GR08,MCR,B02,Inventory_1,12/30/2019,5,50,4.083
2019,7/3/2019,OR67 X GR08,MCR,B03,Inventory_1,12/30/2019,5,879,2.167
2019,7/3/2019,OR67 X GR08,MCR,B04,Inventory_1,12/30/2019,5,41,3.450
2019,7/3/2019,OR65 X GR08,MCR,B07,Inventory_1,12/31/2019,5,425,3.367
2019,7/3/2019,OR65 X GR08,MCR,B08,Inventory_1,12/31/2019,5,54,4.807
2019,7/3/2019,"OR65, OR62, OR67 X GR05",MCR,B10,Inventory_1,12/31/2019,5,70,4.507
2019,7/3/2019,OR67 X GR08,MCR,B06,Inventory_1,12/31/2019,5,42,5.683
2019,7/3/2019,OR96 X GR05,MCR,B09,Inventory_1,12/31/2019,5,79,4.283
2019,7/3/2019,OR96 X GR08,MCR,B16,Inventory_1,1/1/2020,5,42,4.717
2019,7/3/2019,OR96 X GR08,MCR,B17,Inventory_1,1/1/2020,5,97,5.917
2019,7/3/2019,OR96 X GR08,MCR,B18,Inventory_1,1/1/2020,5,102,5.767
2019,7/3/2019,OR96 X GR08,MCR,B19,Inventory_1,1/1/2020,5,986,3.150
2019,7/3/2019,OR96 X GR08,MCR,B20,Inventory_1,1/1/2020,5,99,6.833
2019,5/30/2019,OR94 X GR09,MCR,B24,Inventory_2,1/27/2020,7,124,10.327
2019,5/30/2019,OR94 X GR09,MCR,B25,Inventory_2,1/27/2020,7,92,6.460
2019,5/30/2019,OR94 X OR85,MCR,B34,Inventory_2,1/27/2020,7,66,6.587
2019,5/30/2019,OR94 X OR85,MCR,C21,Inventory_2,1/27/2020,7,118,8.033
2019,5/30/2019,OR94 X OR97,MCR,B22,Inventory_2,1/27/2020,7,79,9.480
2019,5/30/2019,OR94 X OR97,MCR,D10,Inventory_2,1/27/2020,7,71,4.900
2019,6/6/2019,OR98 X GR05,MCR,B28,Inventory_2,1/27/2020,7,25,8.660
2019,6/6/2019,OR98 X GR05,MCR,B37,Inventory_2,1/27/2020,7,70,5.367
2019,6/6/2019,OR98 X OR87,MCR,B29,Inventory_2,1/27/2020,7,79,8.687
2019,6/6/2019,OR98 X OR87,MCR,C24,Inventory_2,1/27/2020,7,147,4.460
2019,6/6/2019,OR98 X OR95,MCR,B27,Inventory_2,1/27/2020,7,11,5.509
2019,6/6/2019,GR03 X GR08,MCR,C23,Inventory_2,1/28/2020,7,19,5.413
2019,6/6/2019,GR03 X GR08,MCR,C33,Inventory_2,1/28/2020,7,43,9.267
2019,6/6/2019,GR03 X GR11,MCR,C22,Inventory_2,1/28/2020,7,54,6.050
2019,6/6/2019,GR03 X GR11,MCR,C34,Inventory_2,1/28/2020,7,85,10.330
2019,6/6/2019,GR03 X GR11,MCR,D15,Inventory_2,1/28/2020,7,22,5.460
2019,6/6/2019,OR93 X GR11,MCR,C25,Inventory_2,1/28/2020,7,36,8.859
2019,6/6/2019,OR88 X GR05,MCR,C28,Inventory_2,1/29/2020,7,128,8.707
2019,6/6/2019,OR88 X GR05,MCR,C35,Inventory_2,1/29/2020,7,382,5.413
2019,6/6/2019,OR92 X GR08,MCR,C31,Inventory_2,1/29/2020,7,75,9.760
2019,6/6/2019,OR92 X GR08,MCR,C32,Inventory_2,1/29/2020,7,26,6.980
2019,6/18/2019,GR14 X OR29,MCR,B11,Inventory_2,2/10/2020,7,102,4.950
2019,6/18/2019,GR14 X OR29,MCR,B13,Inventory_2,2/10/2020,7,49,5.480
2019,6/18/2019,GR14 X OR29,MCR,B14,Inventory_2,2/10/2020,7,188,4.520
2019,6/18/2019,GR14 X OR29,MCR,B15,Inventory_2,2/10/2020,7,183,5.080
2019,6/18/2019,GR14 X OR29,MCR,B30,Inventory_2,2/11/2020,7,83,9.180
2019,6/18/2019,GR14 X OR29,MCR,D04,Inventory_2,2/11/2020,7,46,6.240
2019,6/18/2019,GR14 X OR29,MCR,D05,Inventory_2,2/11/2020,7,144,3.760
2019,6/18/2019,GR14 X OR50,MCR,C26,Inventory_2,2/11/2020,7,74,5.738
2019,6/18/2019,GR14 X OR50,MCR,C29,Inventory_2,2/11/2020,7,91,9.975
2019,6/18/2019,GR14 X OR50,MCR,C30,Inventory_2,2/11/2020,7,146,6.250
2019,6/18/2019,GR14 X OR50,MCR,D02,Inventory_2,2/11/2020,7,44,5.575
2019,6/18/2019,GR14 X OR55,MCR,B39,Inventory_2,2/11/2020,7,249,6.253
2019,6/18/2019,GR14 X OR55,MCR,B40,Inventory_2,2/11/2020,7,125,9.913
2019,8/21/2019,OR94 X GR12,MCR,B35,Inventory_1,2/18/2020,5,131,3.093
2019,8/21/2019,OR94 X GR12,MCR,B38,Inventory_1,2/18/2020,5,425,1.833
2019,8/21/2019,OR94 X OR87,MCR,B05,Inventory_1,2/18/2020,5,70,2.557
2019,8/21/2019,OR94 X OR87,MCR,B33,Inventory_1,2/18/2020,5,27,3.000
2019,8/21/2019,OR94 X OR74,MCR,C36,Inventory_1,2/19/2020,5,4,2.425
2019,8/21/2019,OR94 X OR74,MCR,C37,Inventory_1,2/19/2020,5,8,3.325
2019,8/21/2019,OR94 X OR74,MCR,C39,Inventory_1,2/19/2020,5,31,2.411
2019,7/3/2019,OR65 X GR08,MCR,B06,Inventory_2,2/26/2020,7,51,9.927
2019,7/3/2019,OR65 X GR08,MCR,B08,Inventory_2,2/26/2020,7,384,4.547
2019,7/3/2019,"OR65, OR62, OR67 X GR05",MCR,B10,Inventory_2,2/26/2020,7,70,8.107
2019,7/3/2019,OR67 X GR08,MCR,B01,Inventory_2,2/26/2020,7,192,6.180
2019,7/3/2019,OR67 X GR08,MCR,B02,Inventory_2,2/26/2020,7,53,8.910
2019,7/3/2019,OR67 X GR08,MCR,B03,Inventory_2,2/26/2020,7,1081,2.500
2019,7/3/2019,OR96 X GR05,MCR,B09,Inventory_2,2/26/2020,7,83,7.087
2019,7/3/2019,OR96 X GR08,MCR,B16,Inventory_2,2/27/2020,7,184,7.580
2019,7/3/2019,OR96 X GR08,MCR,B17,Inventory_2,2/27/2020,7,262,4.950
2019,7/3/2019,OR96 X GR08,MCR,B19,Inventory_2,2/27/2020,7,902,2.640
2019,9/10/2019,OR68 X OR45,MCR,B12,Inventory_1,3/9/2020,5,16,3.481
2019,9/10/2019,OR68 X OR45,MCR,B23,Inventory_1,3/9/2020,5,3,4.733
2019,9/10/2019,OR68 X OR57,MCR,B31,Inventory_1,3/9/2020,5,74,4.467
2019,9/10/2019,OR68 X OR57,MCR,B32,Inventory_1,3/9/2020,5,954,2.887
2019,9/10/2019,GR14 X OR57,MCR,D06,Inventory_1,3/9/2020,5,84,2.400
2019,9/10/2019,GR14 X OR45,MCR,D07,Inventory_1,3/9/2020,5,39,2.260
2019,9/10/2019,GR14 X OR57,MCR,D12,Inventory_1,3/9/2020,5,74,2.580
2019,9/10/2019,GR14 X OR45,MCR,D18,Inventory_1,3/9/2020,5,1468,3.007
2019,5/30/2019,OR94 X OR97,MCR,B18,Inventory_3,4/6/2020,10,68,10.740
2019,5/30/2019,OR94 X OR97,MCR,B22,Inventory_3,4/6/2020,10,82,15.967
2019,5/30/2019,OR94 X GR09,MCR,B24,Inventory_3,4/6/2020,10,120,17.720
2019,5/30/2019,OR94 X GR09,MCR,B25,Inventory_3,4/6/2020,10,94,14.407
2019,5/30/2019,OR94 X OR85,MCR,B34,Inventory_3,4/6/2020,10,66,15.587
2019,5/30/2019,OR94 X OR85,MCR,C21,Inventory_3,4/6/2020,10,118,15.913
2019,6/6/2019,OR98 X OR95,MCR,B27,Inventory_3,4/6/2020,10,11,10.591
2019,6/6/2019,OR98 X GR05,MCR,B28,Inventory_3,4/6/2020,10,27,16.347
2019,6/6/2019,OR98 X GR05,MCR,B37,Inventory_3,4/6/2020,10,72,12.480
2019,6/6/2019,OR98 X OR87,MCR,B29,Inventory_3,4/7/2020,10,119,10.780
2019,6/6/2019,GR03 X GR11,MCR,C22,Inventory_3,4/7/2020,10,73,12.247
2019,6/6/2019,GR03 X GR08,MCR,C23,Inventory_3,4/7/2020,10,18,11.867
2019,6/6/2019,OR98 X OR87,MCR,C24,Inventory_3,4/7/2020,10,93,5.680
2019,6/6/2019,OR93 X GR11,MCR,C25,Inventory_3,4/7/2020,10,33,17.687
2019,6/6/2019,OR88 X GR05,MCR,C28,Inventory_3,4/7/2020,10,215,14.287
2019,6/6/2019,OR92 X GR08,MCR,C31,Inventory_3,4/7/2020,10,73,17.840
2019,6/6/2019,OR92 X GR08,MCR,C32,Inventory_3,4/7/2020,10,27,14.233
2019,6/6/2019,GR03 X GR08,MCR,C33,Inventory_3,4/7/2020,10,43,17.613
2019,6/6/2019,GR03 X GR11,MCR,C34,Inventory_3,4/7/2020,10,85,17.600
2019,6/6/2019,OR88 X GR05,MCR,C35,Inventory_3,4/7/2020,10,258,11.427
2019,8/21/2019,OR94 X OR87,MCR,B05,Inventory_2,4/13/2020,7,74,5.120
2019,8/21/2019,OR94 X OR87,MCR,B33,Inventory_2,4/13/2020,7,24,7.913
2019,8/21/2019,OR94 X GR12,MCR,B35,Inventory_2,4/13/2020,7,135,6.920
2019,8/21/2019,OR94 X GR12,MCR,B38,Inventory_2,4/13/2020,7,186,5.020
2019,8/21/2019,OR94 X OR74,MCR,C39,Inventory_2,4/13/2020,7,42,5.857
2019,6/18/2019,GR14 X OR29,MCR,B11,Inventory_3,4/20/2020,10,147,11.717
2019,6/18/2019,GR14 X OR29,MCR,B13,Inventory_3,4/20/2020,10,190,10.050
2019,6/18/2019,GR14 X OR29,MCR,B14,Inventory_3,4/21/2020,10,185,8.050
2019,6/18/2019,GR14 X OR29,MCR,B15,Inventory_3,4/21/2020,10,185,7.350
2019,6/18/2019,GR14 X OR29,MCR,B30,Inventory_3,4/21/2020,10,74,14.817
2019,6/18/2019,GR14 X OR50,MCR,C26,Inventory_3,4/22/2020,10,121,14.647
2019,6/18/2019,GR14 X OR50,MCR,C29,Inventory_3,4/22/2020,10,91,16.113
2019,6/18/2019,GR14 X OR50,MCR,C30,Inventory_3,4/22/2020,10,146,15.320
2019,6/18/2019,GR14 X OR55,MCR,B39,Inventory_3,4/22/2020,10,221,14.660
2019,6/18/2019,GR14 X OR55,MCR,B40,Inventory_3,4/22/2020,10,117,18.780
2019,7/3/2019,OR67 X GR08,MCR,B01,Inventory_3,4/24/2020,9,172,5.650
2019,7/3/2019,OR67 X GR08,MCR,B02,Inventory_3,4/24/2020,9,179,9.860
2019,7/3/2019,OR67 X GR08,MCR,B03,Inventory_3,4/24/2020,9,974,3.660
2019,7/3/2019,OR65 X GR08,MCR,B06,Inventory_3,4/24/2020,9,200,12.287
2019,7/3/2019,OR65 X GR08,MCR,B08,Inventory_3,4/24/2020,9,219,7.787
2019,7/3/2019,OR96 X GR05,MCR,B09,Inventory_3,4/24/2020,9,83,12.900
2019,7/3/2019,"OR65, OR62, OR67 X GR05",MCR,B10,Inventory_3,4/24/2020,9,67,15.333
2019,7/3/2019,OR96 X GR08,MCR,B16,Inventory_3,4/24/2020,9,183,11.100
2019,7/3/2019,OR96 X GR08,MCR,B17,Inventory_3,4/24/2020,9,467,7.420
2019,7/3/2019,OR96 X GR08,MCR,B19,Inventory_3,4/24/2020,9,653,6.080
2019,9/10/2019,OR68 X OR45,MCR,B12,Inventory_2,4/28/2020,7,19,7.428
2019,9/10/2019,OR68 X OR57,MCR,B31,Inventory_2,4/28/2020,7,68,9.560
2019,9/10/2019,OR68 X OR57,MCR,B32,Inventory_2,4/28/2020,7,234,5.073
2019,9/10/2019,GR14 X OR57,MCR,D06,Inventory_2,4/28/2020,7,78,6.953
2019,9/10/2019,GR14 X OR57,MCR,D12,Inventory_2,4/28/2020,7,85,6.547
2019,9/10/2019,GR14 X OR45,MCR,D18,Inventory_2,4/28/2020,7,1073,4.827
2019,9/10/2019,OR68 X OR57,MCR,B23,Inventory_2,5/2/2020,7,227,10.813
2019,9/10/2019,GR14 X OR45,MCR,B26,Inventory_2,5/2/2020,7,330,7.787
2019,9/10/2019,GR14 X OR57,MCR,C39,Inventory_3,5/13/2020,8,97,8.260
2019,8/21/2019,OR94 X GR12,MCR,B38,Inventory_3,5/12/2020,8,123,10.067
2019,8/21/2019,OR94 X GR12,MCR,B35,Inventory_3,5/12/2020,8,62,13.880
2019,9/10/2019,OR68 X OR57,MCR,B31,Inventory_3,5/2/2020,7,219,
2019,9/10/2019,GR14 X OR45,MCR,D18,Inventory_3,5/2/2020,7,1073,
2019,9/10/2019,OR68 X OR57,MCR,B23,Inventory_3,5/2/2020,7,227,10.813
2019,9/10/2019,GR14 X OR45,MCR,B26,Inventory_3,5/2/2020,7,330,7.787
2019,9/10/2019,OR68 X OR57,MCR,B32,Inventory_3,5/2/2020,7,83,
2019,8/21/2019,OR94 X OR74,MCR,C39,Inventory_3,5/2/2020,8,42,17.073
2019,8/21/2019,OR94 X OR87,MCR,B05,Inventory_3,5/2/2020,8,98,8.593
2019,9/10/2019,OR68 X OR45,MCR,B12,Inventory_3,5/2/2020,7,19,10.590
2020,6/11/2020,GR26 X GR17,MCR,B40,Inventory_0,6/11/2020,0,24300,
2020,6/11/2020,GR26 X GR17,MCR,C25,Inventory_0,6/11/2020,0,24300,
2020,6/11/2020,GR26 X GR24,MCR,B40,Inventory_0,6/11/2020,0,20400,
2020,6/11/2020,GR26 X GR24,MCR,C21,Inventory_0,6/11/2020,0,20400,
2020,6/11/2020,GR26 X OR14,MCR,B09,Inventory_0,6/11/2020,0,21600,
2020,6/11/2020,GR26 X OR14,MCR,C31,Inventory_0,6/11/2020,0,21600,
2020,6/11/2020,GR26 X OR44,MCR,B02,Inventory_0,6/11/2020,0,22800,
2020,6/11/2020,GR26 X OR44,MCR,B20,Inventory_0,6/11/2020,0,22800,
2020,6/11/2020,GR26 X OR44,MCR,B28,Inventory_0,6/11/2020,0,22800,
2020,6/25/2020,GR02 X GR20,MCR,B07,Inventory_0,6/25/2020,0,2400,
2020,6/25/2020,GR02 X OR91,MCR,B18,Inventory_0,6/25/2020,0,2000,
2020,7/9/2020,GR16 X GR07,MCR,B33,Inventory_0,7/9/2020,0,8000,
2020,7/9/2020,GR27 X GR07,MCR,B11,Inventory_0,7/9/2020,0,23000,
2020,7/9/2020,GR27 X GR07,MCR,B16,Inventory_0,7/9/2020,0,23000,
2020,7/9/2020,GR27 X GR07,MCR,B27,Inventory_0,7/9/2020,0,23000,
2020,7/9/2020,GR27 X GR07,MCR,C26,Inventory_0,7/9/2020,0,23000,
2020,7/9/2020,GR27 X GR09,MCR,B15,Inventory_0,7/9/2020,0,22950,
2020,7/9/2020,GR27 X GR09,MCR,B36,Inventory_0,7/9/2020,0,22950,
2020,7/9/2020,GR27 X GR09,MCR,B39,Inventory_0,7/9/2020,0,22950,
2020,7/9/2020,GR27 X GR09,MCR,C36,Inventory_0,7/9/2020,0,22950,
2020,7/9/2020,GR27 X GR11,MCR,B01,Inventory_0,7/9/2020,0,15200,
2020,7/9/2020,GR27 X GR11,MCR,B06,Inventory_0,7/9/2020,0,15200,
2020,7/9/2020,GR27 X GR12,MCR,B04,Inventory_0,7/9/2020,0,23466,
2020,7/9/2020,GR27 X GR12,MCR,C23,Inventory_0,7/9/2020,0,23466,
2020,7/9/2020,GR27 X GR12,MCR,C29,Inventory_0,7/9/2020,0,23466,
2020,7/9/2020,GR27 X OR50,MCR,B21,Inventory_0,7/9/2020,0,21375,
2020,7/9/2020,GR27 X OR50,MCR,B24,Inventory_0,7/9/2020,0,21375,
2020,7/9/2020,GR27 X OR50,MCR,C30,Inventory_0,7/9/2020,0,21375,
2020,7/9/2020,GR27 X OR50,MCR,C35,Inventory_0,7/9/2020,0,21375,
2020,7/9/2020,GR28 X OR50,MCR,B29,Inventory_0,7/9/2020,0,9600,
2020,7/30/2020,GR18 X GR13,MCR,B03,Inventory_0,7/30/2020,0,25000,
2020,7/30/2020,GR18 X GR13,MCR,B25,Inventory_0,7/30/2020,0,25000,
2020,7/30/2020,GR18 X GR13,MCR,B30,Inventory_0,7/30/2020,0,25000,
2020,7/30/2020,GR18 X GR13,MCR,C10,Inventory_0,7/30/2020,0,25000,
2020,7/30/2020,GR18 X GR17,MCR,B08,Inventory_0,7/30/2020,0,25000,
2020,7/30/2020,GR18 X GR17,MCR,B14,Inventory_0,7/30/2020,0,25000,
2020,7/30/2020,GR18 X GR17,MCR,B19,Inventory_0,7/30/2020,0,25000,
2020,7/30/2020,GR18 X GR24,MCR,B12,Inventory_0,7/30/2020,0,25000,
2020,7/30/2020,GR18 X GR24,MCR,C32,Inventory_0,7/30/2020,0,25000,
2020,7/30/2020,GR18 X GR24,MCR,C38,Inventory_0,7/30/2020,0,25000,
2020,7/30/2020,GR18 X OR48,MCR,B35,Inventory_0,7/30/2020,0,25000,
2020,7/30/2020,GR18 X OR48,MCR,B38,Inventory_0,7/30/2020,0,25000,
2020,7/30/2020,GR18 X OR48,MCR,C09,Inventory_0,7/30/2020,0,29000,
2020,7/30/2020,GR18 X OR48,MCR,C40,Inventory_0,7/30/2020,0,25000,
2020,7/30/2020,GR18 X OR87,MCR,B10,Inventory_0,7/30/2020,0,30400,
2020,7/30/2020,GR18 X OR87,MCR,B22,Inventory_0,7/30/2020,0,30400,
2020,7/30/2020,GR18 X OR87,MCR,C24,Inventory_0,7/30/2020,0,30400,
2020,7/30/2020,GR18 X OR87,MCR,C28,Inventory_0,7/30/2020,0,30400,
2020,7/30/2020,GR18 X OR91,MCR,B05,Inventory_0,7/30/2020,0,30400,
2020,7/30/2020,GR18 X OR91,MCR,B34,Inventory_0,7/30/2020,0,30400,
2020,7/30/2020,GR18 X OR95,MCR,B17,Inventory_0,7/30/2020,0,25000,
2020,7/30/2020,GR18 X OR95,MCR,B37,Inventory_0,7/30/2020,0,25000,
2020,7/30/2020,GR18 X OR95,MCR,C20,Inventory_0,7/30/2020,0,24200,
2020,7/30/2020,GR18 X OR95,MCR,C33,Inventory_0,7/30/2020,0,25000,
2020,7/30/2020,GR26 X GR13,MCR,C27,Inventory_0,7/30/2020,0,19200,
2020,7/30/2020,GR26 X GR13,MCR,C34,Inventory_0,7/30/2020,0,19200,
2020,7/30/2020,GR26 X GR13,MCR,C37,Inventory_0,7/30/2020,0,19200,
2020,7/30/2020,GR26 X OR48,MCR,B13,Inventory_0,7/30/2020,0,24000,
2020,7/30/2020,GR26 X OR48,MCR,C22,Inventory_0,7/30/2020,0,24000,
2020,8/13/2020,GR23 X GR25,MCR,C12,Inventory_0,8/13/2020,0,18800,
2020,8/13/2020,GR23 X GR25,MCR,C40,Inventory_0,8/13/2020,0,18800,
2020,8/13/2020,GR23 X OR44,MCR,C15,Inventory_0,8/13/2020,0,16800,
2020,8/13/2020,GR23 X OR44,MCR,C39,Inventory_0,8/13/2020,0,16800,
2020,8/13/2020,GR23 X OR46,MCR,B31,Inventory_0,8/13/2020,0,25000,
2020,8/13/2020,GR23 X OR46,MCR,D03,Inventory_0,8/13/2020,0,25000,
2020,8/13/2020,GR23 X OR46,MCR,D12,Inventory_0,8/13/2020,0,25000,
2020,8/13/2020,GR23 X OR85,MCR,B26,Inventory_0,8/13/2020,0,25000,
2020,8/13/2020,GR23 X OR85,MCR,C11,Inventory_0,8/13/2020,0,25000,
2020,8/13/2020,GR23 X OR86,MCR,B23,Inventory_0,8/13/2020,0,25000,
2020,8/13/2020,GR23 X OR86,MCR,D01,Inventory_0,8/13/2020,0,25000,
2020,8/13/2020,GR23 X OR87,MCR,B32,Inventory_0,8/13/2020,0,25000,
2020,8/13/2020,GR23 X OR87,MCR,D02,Inventory_0,8/13/2020,0,25000,
2020,7/9/2020,GR27 X GR09,MCR,B39,Inventory_1,12/15/2020,5,7,4.857
2020,6/25/2020,GR02 X GR20,MCR,B07,Inventory_1,12/24/2020,5,687,3.423
2020,6/25/2020,GR02 X OR91,MCR,B18,Inventory_1,12/24/2020,5,454,2.367
2020,7/9/2020,GR27 X GR12,MCR,C23,Inventory_1,12/29/2020,5,638,2.793
2020,7/9/2020,GR27 X OR50,MCR,C35,Inventory_1,12/29/2020,5,818,3.700
2020,7/9/2020,GR27 X GR07,MCR,C26,Inventory_1,12/29/2020,5,568,2.220
2020,7/9/2020,GR27 X GR09,MCR,C36,Inventory_1,12/29/2020,5,425,3.090
2020,7/9/2020,GR27 X GR07,MCR,B11,Inventory_1,12/29/2020,5,107,5.960
2020,7/9/2020,GR27 X GR09,MCR,B15,Inventory_1,1/6/2021,5,492,2.900
2020,7/9/2020,GR27 X GR07,MCR,B16,Inventory_1,1/6/2021,5,445,2.120
2020,7/9/2020,GR27 X GR11,MCR,B01,Inventory_1,1/6/2021,5,575,3.980
2020,7/9/2020,GR27 X GR11,MCR,B06,Inventory_1,1/6/2021,5,376,4.187
2020,7/9/2020,GR27 X GR12,MCR,B04,Inventory_1,1/6/2021,5,386,2.797
2020,7/9/2020,GR27 X GR09,MCR,B36,Inventory_1,1/7/2021,5,1048,2.980
2020,7/9/2020,GR27 X OR50,MCR,C30,Inventory_1,1/7/2021,5,1333,3.430
2020,7/9/2020,GR27 X GR12,MCR,C29,Inventory_1,1/7/2021,5,601,2.277
2020,7/9/2020,GR28 X OR50,MCR,B29,Inventory_1,1/7/2021,5,136,4.690
2020,7/9/2020,GR16 X GR07,MCR,B33,Inventory_1,1/8/2021,5,753,2.910
2020,6/11/2020,"GR26 X GR17, GR24",MCR,B40,Inventory_1,1/11/2021,7,1439,5.110
2020,6/11/2020,GR26 X OR14,MCR,C31,Inventory_1,1/11/2021,7,339,8.580
2020,6/11/2020,GR26 X GR24,MCR,C21,Inventory_1,1/11/2021,7,369,6.433
2020,7/9/2020,GR27 X OR50,MCR,B21,Inventory_1,1/11/2021,6,737,3.820
2020,7/9/2020,GR27 X OR50,MCR,B24,Inventory_1,1/11/2021,6,735,3.140
2020,6/11/2020,GR26 X GR17,MCR,C25,Inventory_1,1/14/2021,7,811,3.630
2020,6/11/2020,GR26 X OR44,MCR,B28,Inventory_1,1/13/2021,7,1258,3.560
2020,7/9/2020,GR27 X GR07,MCR,B27,Inventory_1,1/14/2021,6,570,3.200
2020,6/11/2020,GR26 X OR14,MCR,B09,Inventory_1,1/14/2021,7,496,3.920
2020,6/11/2020,GR26 X OR44,MCR,B20,Inventory_1,1/14/2021,7,803,4.390
2020,6/11/2020,GR26 X OR44,MCR,B02,Inventory_1,1/14/2021,7,1119,3.780
2020,7/30/2020,GR18 X GR24,MCR,B12,Inventory_1,1/19/2021,5,1208,2.803
2020,7/30/2020,GR18 X GR24,MCR,C32,Inventory_1,1/19/2021,5,418,4.323
2020,7/30/2020,GR26 X GR13,MCR,C34,Inventory_1,1/19/2021,5,662,2.470
2020,7/30/2020,GR26 X GR13,MCR,C27,Inventory_1,1/21/2021,5,690,2.377
2020,7/30/2020,GR26 X GR13,MCR,C37,Inventory_1,1/21/2021,5,442,2.510
2020,7/30/2020,GR18 X GR24,MCR,C38,Inventory_1,1/21/2021,5,749,3.067
2020,7/30/2020,GR18 X OR87,MCR,B10,Inventory_1,1/26/2021,5,356,1.960
2020,7/30/2020,GR18 X OR87,MCR,C28,Inventory_1,1/26/2021,5,500,2.750
2020,7/30/2020,GR18 X OR87,MCR,C24,Inventory_1,1/26/2021,5,374,2.610
2020,7/30/2020,GR18 X OR87,MCR,B22,Inventory_1,1/26/2021,5,651,3.000
2020,7/30/2020,GR18 X GR13,MCR,B03,Inventory_1,1/21/2021,5,1468,2.700
2020,7/30/2020,GR18 X GR13,MCR,B25,Inventory_1,1/21/2021,5,433,3.157
2020,7/30/2020,GR18 X GR13,MCR,B30,Inventory_1,1/21/2021,5,962,3.113
2020,7/30/2020,GR18 X GR13,MCR,C10,Inventory_1,1/21/2021,5,163,2.329
2020,7/30/2020,GR18 X GR17,MCR,B08,Inventory_1,1/21/2021,5,281,4.190
2020,7/30/2020,GR18 X GR17,MCR,B14,Inventory_1,1/21/2021,5,150,4.150
2020,7/30/2020,GR18 X GR17,MCR,B19,Inventory_1,1/21/2021,5,67,3.660
2020,7/30/2020,GR18 X OR48,MCR,B35,Inventory_1,1/21/2021,5,551,3.470
2020,7/30/2020,GR18 X OR48,MCR,B38,Inventory_1,1/21/2021,5,558,3.460
2020,7/30/2020,GR18 X OR48,MCR,C09,Inventory_1,1/21/2021,5,215,2.160
2020,6/25/2020,GR02 X OR91,MCR,B18,Inventory_2,1/21/2021,6,376,3.123
2020,6/25/2020,GR02 X GR20,MCR,B07,Inventory_2,1/21/2021,6,769,5.750
2020,7/30/2020,GR18 X OR91,MCR,B05,Inventory_1,1/21/2021,5,467,2.900
2020,7/30/2020,GR18 X OR91,MCR,B34,Inventory_1,1/21/2021,5,946,3.247
2020,7/30/2020,GR26 X OR48,MCR,B13,Inventory_1,1/21/2021,5,74,5.367
2020,7/30/2020,GR26 X OR48,MCR,C22,Inventory_1,1/21/2021,5,1189,2.767
2020,8/13/2020,GR23 X OR46,MCR,D03,Inventory_1,2/1/2021,5,363,3.166
2020,8/13/2020,GR23 X OR46,MCR,D12,Inventory_1,2/1/2021,5,379,3.276
2020,8/13/2020,GR23 X OR46,MCR,B31,Inventory_1,2/1/2021,5,849,2.872
2020,6/11/2020,GR26 X GR17,MCR,C25,Inventory_2,2/9/2021,7,833,7.324
2020,6/11/2020,GR26 X GR24,MCR,C21,Inventory_2,2/9/2021,7,371,6.286
2020,6/11/2020,GR26 X OR14,MCR,C31,Inventory_2,2/9/2021,7,313,8.033
2020,6/11/2020,"GR26 X GR17, GR24",MCR,B40,Inventory_2,2/9/2021,7,1600,5.979
2020,6/11/2020,GR26 X OR44,MCR,B28,Inventory_2,2/9/2021,7,1291,6.410
2020,6/11/2020,GR26 X OR14,MCR,B09,Inventory_2,2/9/2021,7,501,4.987
2020,6/11/2020,GR26 X OR44,MCR,B20,Inventory_2,2/9/2021,7,808,5.760
2020,6/11/2020,GR26 X OR44,MCR,B02,Inventory_2,2/9/2021,7,840,4.340
2020,8/13/2020,GR23 X OR87,MCR,B32,Inventory_1,2/11/2021,5,710,2.681
2020,8/13/2020,GR23 X OR86,MCR,B23,Inventory_1,2/11/2021,5,748,2.233
2020,7/9/2020,GR16 X GR07,MCR,B33,Inventory_2,2/9/2021,7,965,5.107
2020,7/9/2020,GR27 X GR07,MCR,B11,Inventory_2,2/9/2021,7,101,8.440
2020,7/9/2020,GR27 X GR07,MCR,B16,Inventory_2,2/9/2021,7,469,2.850
2020,7/9/2020,GR27 X GR07,MCR,B27,Inventory_2,2/9/2021,7,741,4.900
2020,7/9/2020,GR27 X GR07,MCR,C26,Inventory_2,2/9/2021,7,694,3.870
2020,7/9/2020,GR27 X GR11,MCR,B01,Inventory_2,2/9/2021,7,742,4.427
2020,7/9/2020,GR27 X GR11,MCR,B06,Inventory_2,2/9/2021,7,458,3.707
2020,7/9/2020,GR27 X OR50,MCR,B21,Inventory_2,2/9/2021,7,623,5.250
2020,7/9/2020,GR27 X OR50,MCR,B24,Inventory_2,2/9/2021,7,878,4.470
2020,7/9/2020,GR27 X OR50,MCR,C30,Inventory_2,2/9/2021,7,1472,4.490
2020,7/9/2020,GR27 X OR50,MCR,C35,Inventory_2,2/9/2021,7,812,5.640
2020,7/9/2020,GR28 X OR50,MCR,B29,Inventory_2,2/9/2021,7,135,6.959
2020,7/9/2020,GR27 X GR09,MCR,B15,Inventory_2,2/9/2021,7,525,4.890
2020,7/9/2020,GR27 X GR09,MCR,B36,Inventory_2,2/9/2021,7,1055,5.050
2020,7/9/2020,GR27 X GR09,MCR,C36,Inventory_2,2/9/2021,7,261,6.130
2020,8/13/2020,GR23 X GR25,MCR,C12,Inventory_1,2/9/2021,5,319,3.507
2020,8/13/2020,GR23 X GR25,MCR,C40,Inventory_1,2/9/2021,5,891,3.767
2020,8/13/2020,GR23 X OR44,MCR,C15,Inventory_1,2/9/2021,5,537,2.873
2020,8/13/2020,GR23 X OR44,MCR,C39,Inventory_1,2/9/2021,5,662,3.220
2020,8/13/2020,GR23 X OR85,MCR,B26,Inventory_1,2/9/2021,5,263,4.300
2020,8/13/2020,GR23 X OR85,MCR,C11,Inventory_1,2/9/2021,5,1158,2.420
2020,8/13/2020,GR23 X OR86,MCR,D01,Inventory_1,2/9/2021,5,442,2.753
2020,8/13/2020,GR23 X OR87,MCR,D02,Inventory_1,2/9/2021,5,320,2.727
2020,6/25/2020,GR02 X OR91,MCR,B18,Inventory_3,2/23/2021,7,718,5.972
2020,6/25/2020,GR02 X GR20,MCR,B07,Inventory_3,2/23/2021,7,448,2.897
2020,7/30/2020,GR18 X OR95,MCR,B17,Inventory_1,1/26/2021,5,662,4.010
2020,7/30/2020,GR18 X OR95,MCR,B37,Inventory_1,1/26/2021,5,548,3.700
2020,7/30/2020,GR18 X OR95,MCR,C20,Inventory_1,1/26/2021,5,364,2.280
2020,7/30/2020,GR18 X OR95,MCR,C33,Inventory_1,1/26/2021,5,602,3.980
2020,7/9/2020,GR27 X GR12,MCR,B04,Inventory_2,2/8/2021,6,520,3.328
2020,7/9/2020,GR27 X GR12,MCR,C29,Inventory_2,2/8/2021,6,355,3.569
2020,7/9/2020,GR27 X GR12,MCR,C23,Inventory_2,2/8/2021,6,394,4.355
2020,7/30/2020,GR18 X GR13,MCR,B03,Inventory_2,2/23/2021,6,604,4.120
2020,7/30/2020,GR18 X GR13,MCR,B25,Inventory_2,2/23/2021,6,318,5.540
2020,7/30/2020,GR18 X GR13,MCR,B30,Inventory_2,2/23/2021,6,988,3.820
2020,7/30/2020,GR18 X GR13,MCR,C10,Inventory_2,2/23/2021,6,160,3.820
2020,7/30/2020,GR18 X GR17,MCR,B08,Inventory_2,2/23/2021,6,174,5.280
2020,7/30/2020,GR18 X GR17,MCR,B14,Inventory_2,2/23/2021,6,146,5.270
2020,7/30/2020,GR18 X GR17,MCR,B19,Inventory_2,2/23/2021,6,59,5.270
2020,7/30/2020,GR18 X OR48,MCR,B35,Inventory_2,2/23/2021,6,619,5.370
2020,7/30/2020,GR18 X OR48,MCR,B38,Inventory_2,2/23/2021,6,705,6.030
2020,7/30/2020,GR18 X OR48,MCR,C09,Inventory_2,2/23/2021,6,218,3.710
2020,7/30/2020,GR18 X GR24,MCR,B12,Inventory_2,2/23/2021,6,1259,4.007
2020,7/30/2020,GR18 X GR24,MCR,C32,Inventory_2,2/23/2021,6,396,6.938
2020,7/30/2020,GR18 X GR24,MCR,C38,Inventory_2,2/23/2021,6,1081,4.421
2020,7/30/2020,GR18 X OR87,MCR,B10,Inventory_2,2/23/2021,6,88,3.940
2020,7/30/2020,GR18 X OR87,MCR,B22,Inventory_2,2/23/2021,6,827,3.870
2020,7/30/2020,GR18 X OR87,MCR,C24,Inventory_2,2/23/2021,6,194,5.380
2020,7/30/2020,GR18 X OR87,MCR,C28,Inventory_2,2/23/2021,6,206,4.160
2020,7/30/2020,GR18 X OR95,MCR,B17,Inventory_2,2/23/2021,6,417,5.090
2020,7/30/2020,GR18 X OR95,MCR,B37,Inventory_2,2/23/2021,6,644,5.810
2020,7/30/2020,GR18 X OR95,MCR,C20,Inventory_2,2/23/2021,6,66,4.480
2020,7/30/2020,GR18 X OR95,MCR,C33,Inventory_2,2/23/2021,6,645,4.040
2020,7/30/2020,GR26 X GR13,MCR,C27,Inventory_2,2/23/2021,6,207,4.393
2020,7/30/2020,GR26 X GR13,MCR,C34,Inventory_2,2/23/2021,6,654,4.045
2020,7/30/2020,GR26 X GR13,MCR,C37,Inventory_2,2/23/2021,6,619,3.924
2020,7/30/2020,GR26 X OR48,MCR,B13,Inventory_2,2/23/2021,6,76,7.473
2020,7/30/2020,GR26 X OR48,MCR,C22,Inventory_2,2/23/2021,6,259,4.757
2020,7/30/2020,GR18 X OR91,MCR,B05,Inventory_2,2/23/2021,6,153,4.613
2020,7/30/2020,GR18 X OR91,MCR,B34,Inventory_2,2/23/2021,6,468,4.633
2020,7/9/2020,GR27 X OR50,MCR,B21,Inventory_3,3/9/2021,8,658,6.080
2020,7/9/2020,GR27 X OR50,MCR,B24,Inventory_3,3/9/2021,8,1003,6.030
2020,7/9/2020,GR27 X OR50,MCR,C30,Inventory_3,3/9/2021,8,1319,4.600
2020,7/9/2020,GR27 X GR09,MCR,B36,Inventory_3,3/9/2021,8,982,6.520
2020,7/9/2020,GR27 X GR09,MCR,B15,Inventory_3,3/9/2021,8,636,5.830
2020,7/9/2020,GR27 X GR09,MCR,C36,Inventory_3,3/9/2021,8,299,7.870
2020,7/9/2020,GR27 X GR07,MCR,B11,Inventory_3,3/9/2021,8,98,9.930
2020,7/9/2020,GR27 X GR07,MCR,B16,Inventory_3,3/9/2021,8,492,3.600
2020,7/9/2020,GR27 X GR07,MCR,B27,Inventory_3,3/9/2021,8,771,5.240
2020,7/9/2020,GR27 X GR07,MCR,C26,Inventory_3,3/9/2021,8,795,5.610
2020,7/9/2020,GR27 X GR11,MCR,B06,Inventory_3,3/9/2021,8,819,4.080
2020,7/9/2020,GR27 X GR11,MCR,B01,Inventory_3,3/9/2021,8,843,4.980
2020,7/9/2020,GR16 X GR07,MCR,B33,Inventory_3,3/9/2021,8,867,7.410
2020,6/11/2020,GR26 X GR17,MCR,C25,Inventory_3,3/9/2021,8,847,4.317
2020,6/11/2020,GR26 X GR24,MCR,C21,Inventory_3,3/9/2021,8,361,7.972
2020,6/11/2020,GR26 X OR14,MCR,C31,Inventory_3,3/9/2021,8,315,10.931
2020,6/11/2020,GR26 X OR44,MCR,B28,Inventory_3,3/9/2021,8,1175,5.310
2020,6/11/2020,"GR26 X GR17, GR24",MCR,B40,Inventory_3,3/9/2021,8,1500,6.803
2020,6/11/2020,GR26 X OR44,MCR,B20,Inventory_3,3/9/2021,8,714,5.010
2020,6/11/2020,GR26 X OR14,MCR,B09,Inventory_3,3/9/2021,8,444,4.887
2020,6/11/2020,GR26 X OR44,MCR,B02,Inventory_3,3/9/2021,8,695,4.140
2020,7/9/2020,GR27 X GR12,MCR,C29,Inventory_3,3/11/2021,8,239,4.921
2020,7/9/2020,GR27 X GR12,MCR,C23,Inventory_3,3/11/2021,8,373,6.021
2020,7/9/2020,GR27 X GR12,MCR,B04,Inventory_3,3/11/2021,8,493,3.817
2020,7/9/2020,GR27 X OR50,MCR,C35,Inventory_3,3/11/2021,8,756,4.600
2020,7/9/2020,GR28 X OR50,MCR,B29,Inventory_3,3/11/2021,8,126,9.431
2020,7/30/2020,GR18 X GR13,MCR,B03,Inventory_3,3/23/2021,7,757,7.540
2020,7/30/2020,GR18 X GR13,MCR,B25,Inventory_3,3/23/2021,7,327,7.550
2020,7/30/2020,GR18 X GR13,MCR,B30,Inventory_3,3/23/2021,7,1241,7.460
2020,7/30/2020,GR18 X GR13,MCR,C10,Inventory_3,3/23/2021,7,165,5.570
2020,7/30/2020,GR18 X GR17,MCR,B19,Inventory_3,3/23/2021,7,340,6.990
2020,7/30/2020,GR18 X OR48,MCR,B35,Inventory_3,3/24/2021,7,550,5.138
2020,7/30/2020,GR18 X OR48,MCR,B38,Inventory_3,3/24/2021,7,400,6.533
2020,7/30/2020,GR18 X GR24,MCR,C38,Inventory_3,3/22/2021,7,1038,5.569
2020,7/30/2020,GR18 X GR24,MCR,C32,Inventory_3,3/22/2021,7,310,9.869
2020,7/30/2020,GR18 X GR24,MCR,B12,Inventory_3,3/22/2021,7,1250,5.207
2020,7/30/2020,GR18 X OR87,MCR,B22,Inventory_3,3/24/2021,7,622,5.020
2020,7/30/2020,GR18 X OR87,MCR,C24,Inventory_3,3/24/2021,7,181,4.970
2020,7/30/2020,GR18 X OR87,MCR,C28,Inventory_3,3/24/2021,7,180,5.190
2020,7/30/2020,GR18 X OR91,MCR,B34,Inventory_3,3/24/2021,7,553,5.203
2020,7/30/2020,GR18 X OR95,MCR,B17,Inventory_3,3/24/2021,7,326,
2020,7/30/2020,GR18 X OR95,MCR,B37,Inventory_3,3/24/2021,7,550,5.660
2020,7/30/2020,GR18 X OR95,MCR,C20,Inventory_3,3/24/2021,7,45,4.590
2020,7/30/2020,GR18 X OR95,MCR,C33,Inventory_3,3/24/2021,7,500,5.820
2020,7/30/2020,GR26 X GR13,MCR,C27,Inventory_3,3/24/2021,7,200,6.969
2020,7/30/2020,GR26 X GR13,MCR,C34,Inventory_3,3/24/2021,7,610,4.846
2020,7/30/2020,GR26 X GR13,MCR,C37,Inventory_3,3/24/2021,7,340,4.810
2020,7/30/2020,GR26 X OR48,MCR,C22,Inventory_3,3/24/2021,7,255,8.819
2020,8/13/2020,GR23 X GR25,MCR,B39,Inventory_2,3/29/2021,7,810,3.880
2020,8/13/2020,GR23 X OR44,MCR,C40,Inventory_2,3/29/2021,7,803,5.047
2020,8/13/2020,GR23 X OR46,MCR,B31,Inventory_2,3/29/2021,7,653,5.730
2020,8/13/2020,GR23 X OR46,MCR,D03,Inventory_2,3/29/2021,7,915,4.100
2020,8/13/2020,GR23 X OR46,MCR,D12,Inventory_2,3/29/2021,7,409,4.500
2020,8/13/2020,GR23 x OR85,MCR,B26,Inventory_2,3/29/2021,7,252,5.713
2020,8/13/2020,GR23 x OR85,MCR,C11,Inventory_2,3/29/2021,7,318,5.067
2020,8/13/2020,GR23 x OR86,MCR,B23,Inventory_2,3/29/2021,7,881,6.107
2020,8/13/2020,GR23 x OR86,MCR,D01,Inventory_2,3/29/2021,7,636,4.173
2020,8/13/2020,GR23 X OR87,MCR,B32,Inventory_2,3/29/2021,7,556,4.620
2020,8/13/2020,GR23 X OR87,MCR,D02,Inventory_2,3/29/2021,7,402,4.293
2020,8/13/2020,GR23 X GR25,MCR,C12,Inventory_2,3/29/2021,7,172,7.553
2020,8/13/2020,GR23 X OR44,MCR,C15,Inventory_2,3/29/2021,7,83,5.813
2021,5/19/2021,GR22 X OR52,MCR,B10,Inventory_0,5/19/2021,0,6400,
2021,5/19/2021,GR22 X GR20,MCR,B37,Inventory_0,5/19/2021,0,4200,
2021,5/19/2021,GR38 X OR52,MCR,C33,Inventory_0,5/19/2021,0,15000,
2021,5/19/2021,GR38 X OR52,MCR,B15,Inventory_0,5/19/2021,0,15000,
2021,5/19/2021,GR38 X OR52,MCR,B07,Inventory_0,5/19/2021,0,15000,
2021,5/19/2021,GR38 X OR52,MCR,B09,Inventory_0,5/19/2021,0,15000,
2021,5/19/2021,GR38 X GR20,MCR,C22,Inventory_0,5/19/2021,0,15000,
2021,5/19/2021,GR38 X GR20,MCR,B02,Inventory_0,5/19/2021,0,15000,
2021,5/19/2021,GR38 X GR20,MCR,C32,Inventory_0,5/19/2021,0,15000,
2021,5/19/2021,GR38 X GR20,MCR,B35,Inventory_0,5/19/2021,0,15000,
2021,5/19/2021,GR19 X GR20,MCR,C26,Inventory_0,5/19/2021,0,15000,
2021,5/19/2021,GR19 X GR20,MCR,C31,Inventory_0,5/19/2021,0,15000,
2021,5/19/2021,GR19 X GR20,MCR,B38,Inventory_0,5/19/2021,0,15000,
2021,5/19/2021,GR19 X GR20,MCR,B16,Inventory_0,5/19/2021,0,15000,
2021,5/19/2021,GR19 X OR52,MCR,B14,Inventory_0,5/19/2021,0,15000,
2021,5/19/2021,GR19 X OR52,MCR,B03,Inventory_0,5/19/2021,0,15000,
2021,5/19/2021,GR19 X OR52,MCR,B11,Inventory_0,5/19/2021,0,15000,
2021,5/19/2021,GR19 X OR52,MCR,B40,Inventory_0,5/19/2021,0,15000,
2021,6/2/2021,GR26 X OR60,MCR,B04,Inventory_0,6/2/2021,0,15000,
2021,6/2/2021,GR26 X OR60,MCR,B26,Inventory_0,6/2/2021,0,15000,
2021,6/2/2021,GR26 X OR60,MCR,B21,Inventory_0,6/2/2021,0,15000,
2021,6/2/2021,GR26 X OR97,MCR,B13,Inventory_0,6/2/2021,0,15000,
2021,6/2/2021,GR26 X OR97,MCR,C25,Inventory_0,6/2/2021,0,15000,
2021,6/2/2021,GR26 X OR97,MCR,C34,Inventory_0,6/2/2021,0,15000,
2021,6/2/2021,GR26 X GR11,MCR,B06,Inventory_0,6/2/2021,0,13200,
2021,6/2/2021,GR26 X GR11,MCR,C21,Inventory_0,6/2/2021,0,13200,
2021,6/2/2021,GR26 X GR11,MCR,B29,Inventory_0,6/2/2021,0,13200,
2021,6/2/2021,GR26 X GR05,MCR,B08,Inventory_0,6/2/2021,0,16800,
2021,6/2/2021,GR26 X GR05,MCR,B33,Inventory_0,6/2/2021,0,16800,
2021,6/2/2021,GR26 X GR05,MCR,C23,Inventory_0,6/2/2021,0,16800,
2021,6/2/2021,GR26 X OR60,MCR,B31,Inventory_0,6/2/2021,0,15000,
2021,6/2/2021,GR26 X OR97,MCR,C24,Inventory_0,6/2/2021,0,15000,
2021,6/2/2021,GR26 X GR11,MCR,B23,Inventory_0,6/2/2021,0,13200,
2021,6/16/2021,GR41 X GR35,MCR,C39,Inventory_0,6/16/2021,0,15000,
2021,6/16/2021,GR41 X GR35,MCR,B01,Inventory_0,6/16/2021,0,15000,
2021,6/16/2021,GR41 X GR46,MCR,C29,Inventory_0,6/16/2021,0,12900,
2021,6/16/2021,GR38 X GR46,MCR,B24,Inventory_0,6/16/2021,0,15000,
2021,6/16/2021,GR38 X GR46,MCR,B28,Inventory_0,6/16/2021,0,15000,
2021,6/16/2021,GR38 X GR46,MCR,B22,Inventory_0,6/16/2021,0,15000,
2021,6/16/2021,GR38 X GR49,MCR,B39,Inventory_0,6/16/2021,0,15000,
2021,6/16/2021,GR38 X GR49,MCR,B19,Inventory_0,6/16/2021,0,15000,
2021,6/16/2021,GR38 X GR49,MCR,C37,Inventory_0,6/16/2021,0,15000,
2021,6/16/2021,GR41 X GR46,MCR,B12,Inventory_0,6/16/2021,0,12900,
2021,6/16/2021,GR41 X GR46,MCR,C35,Inventory_0,6/16/2021,0,12900,
2021,6/16/2021,GR41 X GR46,MCR,B30,Inventory_0,6/16/2021,0,12900,
2021,6/16/2021,GR38 X GR35,MCR,C40,Inventory_0,6/16/2021,0,15000,
2021,6/16/2021,GR38 X GR35,MCR,B34,Inventory_0,6/16/2021,0,15000,
2021,6/16/2021,GR38 X GR35,MCR,B27,Inventory_0,6/16/2021,0,15000,
2021,6/16/2021,GR41 X GR49,MCR,C27,Inventory_0,6/16/2021,0,13800,
2021,6/16/2021,GR41 X GR49,MCR,B18,Inventory_0,6/16/2021,0,13800,
2021,6/16/2021,GR41 X GR49,MCR,B32,Inventory_0,6/16/2021,0,13800,
2021,6/16/2021,GR41 X GR43,MCR,C38,Inventory_0,6/16/2021,0,7600,
2021,6/16/2021,GR41 X GR35,SA,3G,Inventory_0,6/16/2021,0,15000,
2021,6/16/2021,GR38 X GR46,SA,4F,Inventory_0,6/16/2021,0,15000,
2021,6/16/2021,GR38 X GR46,SA,4G,Inventory_0,6/16/2021,0,15000,
2021,6/16/2021,GR41 X GR46,SA,4A,Inventory_0,6/16/2021,0,15000,
2021,6/16/2021,GR41 X GR46,SA,4B,Inventory_0,6/16/2021,0,15000,
2021,6/16/2021,GR38 X GR35,SA,4D,Inventory_0,6/16/2021,0,15000,
2021,6/16/2021,GR38 X GR35,SA,4E,Inventory_0,6/16/2021,0,15000,
2021,6/16/2021,GR38 X GR49,SA,4I,Inventory_0,6/16/2021,0,15000,
2021,6/16/2021,GR38 X GR49,SA,4J,Inventory_0,6/16/2021,0,15000,
2021,6/16/2021,GR41 X GR49,SA,3H,Inventory_0,6/16/2021,0,15000,
2021,6/16/2021,GR41 X GR49,SA,3I,Inventory_0,6/16/2021,0,15000,
2021,6/16/2021,GR41 X GR49,SA,3J,Inventory_0,6/16/2021,0,15000,
2021,5/19/2021,GR19 X GR20,MCR,C26,Inventory_1,9/7/2021,3,2,3.500
2021,5/19/2021,GR19 X GR20,MCR,C31,Inventory_1,9/7/2021,3,20,3.500
2021,5/19/2021,GR19 X GR20,MCR,B16,Inventory_1,9/7/2021,3,26,2.500
2021,5/19/2021,GR19 X GR20,MCR,B38,Inventory_1,9/7/2021,3,18,3.500
2021,5/19/2021,GR19 X OR52,MCR,B03,Inventory_1,9/7/2021,3,1,3.500
2021,5/19/2021,GR19 X OR52,MCR,B11,Inventory_1,9/7/2021,3,15,3.900
2021,5/19/2021,GR19 X OR52,MCR,B14,Inventory_1,9/7/2021,3,101,3.750
2021,5/19/2021,GR19 X OR52,MCR,B40,Inventory_1,9/7/2021,3,2,4.000
2021,5/19/2021,GR38 X GR20,MCR,B02,Inventory_1,9/7/2021,3,7,3.967
2021,5/19/2021,GR38 X GR20,MCR,B35,Inventory_1,9/7/2021,3,1,4.000
2021,5/19/2021,GR38 X GR20,MCR,C22,Inventory_1,9/7/2021,3,7,3.750
2021,5/19/2021,GR38 X GR20,MCR,C32,Inventory_1,9/7/2021,3,5,4.000
2021,5/19/2021,GR38 X OR52,MCR,B07,Inventory_1,9/7/2021,3,46,4.250
2021,5/19/2021,GR38 X OR52,MCR,B09,Inventory_1,9/7/2021,3,23,4.500
2021,5/19/2021,GR38 X OR52,MCR,B15,Inventory_1,9/7/2021,3,28,4.000
2021,5/19/2021,GR38 X OR52,MCR,C33,Inventory_1,9/7/2021,3,8,4.500
2021,5/19/2021,GR22 X GR20,MCR,B37,Inventory_1,9/8/2021,3,11,4.400
2021,5/19/2021,GR22 X OR52,MCR,B10,Inventory_1,9/8/2021,3,2,4.250
2021,6/2/2021,GR26 X GR05,MCR,B08,Inventory_1,9/8/2021,3,2,3.750
2021,6/2/2021,GR26 X GR05,MCR,B33,Inventory_1,9/8/2021,3,0,
2021,6/2/2021,GR26 X GR05,MCR,B23,Inventory_1,9/8/2021,3,26,2.750
2021,6/2/2021,GR26 X GR11,MCR,B06,Inventory_1,9/8/2021,3,21,4.000
2021,6/2/2021,GR26 X GR11,MCR,B23,Inventory_1,9/8/2021,3,61,3.000
2021,6/2/2021,GR26 X GR11,MCR,B29,Inventory_1,9/8/2021,3,15,3.200
2021,6/2/2021,GR26 X GR11,MCR,C21,Inventory_1,9/8/2021,3,4,3.250
2021,6/2/2021,GR26 X OR60,MCR,B04,Inventory_1,9/8/2021,3,19,3.500
2021,6/2/2021,GR26 X OR60,MCR,B21,Inventory_1,9/8/2021,3,12,3.200
2021,6/2/2021,GR26 X OR60,MCR,B26,Inventory_1,9/8/2021,3,2,2.500
2021,6/2/2021,GR26 X OR60,MCR,B31,Inventory_1,9/8/2021,3,4,2.500
2021,6/2/2021,GR26 X OR97,MCR,B13,Inventory_1,9/9/2021,3,14,3.000
2021,6/2/2021,GR26 X OR97,MCR,C24,Inventory_1,9/9/2021,3,2,2.750
2021,6/2/2021,GR26 X OR97,MCR,C25,Inventory_1,9/9/2021,3,351,4.000
2021,6/2/2021,GR26 X OR97,MCR,C34,Inventory_1,9/9/2021,3,6,3.250
2021,7/14/2021,GR51 X OR33,SA,3C,Inventory_0,7/14/2021,0,15000,
2021,7/14/2021,GR51 X OR33,SA,3D,Inventory_0,7/14/2021,0,15000,
2021,7/14/2021,GR51 X OR87,SA,3A,Inventory_0,7/14/2021,0,15000,
2021,7/14/2021,GR51 X OR87,SA,3B,Inventory_0,7/14/2021,0,15000,
2021,7/14/2021,GR51 X OR29,SA,3E,Inventory_0,7/14/2021,0,15000,
2021,7/14/2021,GR51 X OR29,SA,3F,Inventory_0,7/14/2021,0,15000,
2021,7/14/2021,GR51 X OR33,MCR,D05,Inventory_0,7/14/2021,0,15000,
2021,7/14/2021,GR51 X OR33,MCR,D09,Inventory_0,7/14/2021,0,15000,
2021,7/14/2021,GR51 X OR87,MCR,D15,Inventory_0,7/14/2021,0,24000,
2021,7/14/2021,GR51 X OR87,MCR,D08,Inventory_0,7/14/2021,0,24000,
2021,7/14/2021,GR51 X OR29,MCR,D10,Inventory_0,7/14/2021,0,15000,
2021,7/14/2021,GR51 X OR29,MCR,D17,Inventory_0,7/14/2021,0,15000,
2021,7/14/2021,GR51 X GR12,MCR,C30,Inventory_0,7/14/2021,0,15000,
2021,7/14/2021,GR51 X GR12,MCR,D12,Inventory_0,7/14/2021,0,15000,
2021,7/14/2021,GR51 X GR12,MCR,D02,Inventory_0,7/14/2021,0,15000,
2021,7/14/2021,GR51 X GR12,MCR,B25,Inventory_0,7/14/2021,0,15000,
2021,7/14/2021,GR26 X OR57,MCR,D11,Inventory_0,7/14/2021,0,11200,
2021,7/14/2021,GR26 X OR95,MCR,C28,Inventory_0,7/14/2021,0,17600,
2021,7/14/2021,GR37 X OR57,MCR,D18,Inventory_0,7/14/2021,0,2800,
2021,7/14/2021,GR26 X OR87,MCR,D13,Inventory_0,7/14/2021,0,18800,
2021,7/14/2021,GR51 X OR57,MCR,B17,Inventory_0,7/14/2021,0,15000,
2021,7/14/2021,GR51 X OR57,MCR,D14,Inventory_0,7/14/2021,0,15000,
2021,7/14/2021,GR51 X OR57,MCR,C36,Inventory_0,7/14/2021,0,15000,
2021,7/14/2021,GR51 X OR57,MCR,D06,Inventory_0,7/14/2021,0,15000,
2021,7/14/2021,GR51 X OR95,MCR,D16,Inventory_0,7/14/2021,0,15000,
2021,7/14/2021,GR51 X OR95,MCR,D07,Inventory_0,7/14/2021,0,15000,
2021,7/14/2021,GR51 X OR95,MCR,B20,Inventory_0,7/14/2021,0,15000,
2021,7/14/2021,GR51 X OR95,MCR,D03,Inventory_0,7/14/2021,0,15000,
2021,7/14/2021,GR51 X OR95,MCR,D01,Inventory_0,7/14/2021,0,15000,
2021,7/14/2021,GR51 X OR87,MCR,C19,Inventory_0,7/14/2021,0,15000,
2021,7/14/2021,GR51 X OR87,MCR,B05,Inventory_0,7/14/2021,0,15000,
2021,6/16/2021,GR38 X GR35,MCR,B27,Inventory_1,7/28/2021,1,5,4.300
2021,6/16/2021,GR38 X GR35,MCR,C40,Inventory_1,7/28/2021,1,34,4.200
2021,6/16/2021,GR38 X GR35,MCR,B34,Inventory_1,7/28/2021,1,122,4.460
2021,6/16/2021,GR38 X GR46,MCR,B22,Inventory_1,7/28/2021,1,9,3.125
2021,6/16/2021,GR38 X GR46,MCR,B24,Inventory_1,7/28/2021,1,16,4.333
2021,6/16/2021,GR38 X GR46,MCR,B28,Inventory_1,7/28/2021,1,2,3.600
2021,6/16/2021,GR38 X GR49,MCR,B19,Inventory_1,7/28/2021,1,13,4.400
2021,6/16/2021,GR41 X GR35,MCR,B01,Inventory_1,7/28/2021,1,9,4.033
2021,6/16/2021,GR41 X GR35,MCR,C39,Inventory_1,7/28/2021,1,7,3.833
2021,6/16/2021,GR41 X GR46,MCR,B12,Inventory_1,7/28/2021,1,22,3.800
2021,6/16/2021,GR41 X GR46,MCR,B30,Inventory_1,7/28/2021,1,18,3.160
2021,6/16/2021,GR41 X GR46,MCR,C29,Inventory_1,7/28/2021,1,2,3.100
2021,6/16/2021,GR41 X GR46,MCR,C35,Inventory_1,7/28/2021,1,0,
2021,6/16/2021,GR38 X GR49,MCR,B39,Inventory_1,7/28/2021,1,500,3.500
2021,6/16/2021,GR38 X GR49,MCR,C37,Inventory_1,7/28/2021,1,500,3.500
2021,6/30/2021,"GR52 X OR91, GR32",MCR,B36,Inventory_0,6/30/2021,0,6051,
2021,6/16/2021,GR41 X GR49,MCR,B18,Inventory_1,9/29/2021,3,0,
2021,6/16/2021,GR41 X GR49,MCR,B32,Inventory_1,9/29/2021,3,23,5.000
2021,6/16/2021,GR41 X GR49,MCR,C27,Inventory_1,9/29/2021,3,3,4.100
2021,6/30/2021,"GR52 X OR91, GR32",MCR,B36,Inventory_1,9/29/2021,3,7,3.367
2021,6/16/2021,GR41 X GR43,MCR,C38,Inventory_1,9/29/2021,3,350,5.100
2021,5/19/2021,GR19 X GR20,MCR,C26,Inventory_2,11/18/2021,5,72,11.238
2021,5/19/2021,"GR22 X GR20, OR52",MCR,C32,Inventory_2,11/18/2021,5,13,13.869
2021,5/19/2021,GR19 X OR52,MCR,C31,Inventory_2,11/18/2021,5,90,10.852
2021,5/19/2021,"GR38 X GR20, OR52",MCR,B38,Inventory_2,11/18/2021,5,104,10.141
2021,6/2/2021,"GR26 X GR05, GR11, OR60",MCR,C33,Inventory_2,11/18/2021,5,156,9.159
2021,6/2/2021,GR26 X OR97,MCR,C25,Inventory_2,11/18/2021,5,365,8.479
2021,6/16/2021,GR38 X GR35,MCR,B34,Inventory_2,12/22/2021,6,145,12.243
2021,6/16/2021,GR38 X GR49,MCR,B39,Inventory_2,12/22/2021,6,954,6.380
2021,6/16/2021,GR38 X GR49,MCR,C37,Inventory_2,12/22/2021,6,445,8.372
2021,6/16/2021,GR41 X GR43,MCR,C38,Inventory_2,12/22/2021,6,397,10.520
2021,6/16/2021,GR38 X GR46,MCR,B31,Inventory_2,12/22/2021,6,23,11.475
2021,6/30/2021,"GR52 X OR91, GR32",MCR,,Inventory_2,12/22/2021,5,0,
2021,6/16/2021,"GR41 X GR35, GR46, GR49",MCR,C23,Inventory_2,12/22/2021,6,62,9.727
2021,7/14/2021,GR26 X OR57,MCR,D11,Inventory_1,12/29/2021,5,2,5.700
2021,7/14/2021,GR26 X OR87,MCR,D13,Inventory_1,12/29/2021,5,15,8.410
2021,7/14/2021,GR26 X OR95,MCR,C28,Inventory_1,12/29/2021,5,5,6.117
2021,7/14/2021,GR37 X OR57,MCR,D18,Inventory_1,12/29/2021,5,29,8.700
2021,7/14/2021,GR51 X GR12,MCR,B25,Inventory_1,12/28/2021,5,116,6.860
2021,7/14/2021,GR51 X GR12,MCR,C30,Inventory_1,12/28/2021,5,12,8.020
2021,7/14/2021,GR51 X GR12,MCR,D12,Inventory_1,12/28/2021,5,23,4.360
2021,7/14/2021,GR51 X GR12,MCR,D02,Inventory_1,12/28/2021,5,24,4.360
2021,7/14/2021,GR51 X OR29,MCR,D10,Inventory_1,12/28/2021,5,1000,4.660
2021,7/14/2021,GR51 X OR29,MCR,D17,Inventory_1,12/28/2021,5,1000,5.660
2021,7/14/2021,GR51 X OR33,MCR,D05,Inventory_1,12/28/2021,5,28,5.400
2021,7/14/2021,GR51 X OR33,MCR,D09,Inventory_1,12/28/2021,5,2,4.850
2021,7/14/2021,GR51 X OR57,MCR,B17,Inventory_1,12/28/2021,5,159,7.033
2021,7/14/2021,GR51 X OR57,MCR,C36,Inventory_1,12/28/2021,5,2,8.000
2021,7/14/2021,GR51 X OR57,MCR,D06,Inventory_1,12/28/2021,5,23,6.620
2021,7/14/2021,GR51 X OR57,MCR,D14,Inventory_1,12/28/2021,5,16,8.120
2021,7/14/2021,GR51 X OR87,MCR,B05,Inventory_1,12/28/2021,5,,
2021,7/14/2021,GR51 X OR87,MCR,C19,Inventory_1,12/28/2021,5,90,7.080
2021,7/14/2021,GR51 X OR87,MCR,D08,Inventory_1,12/28/2021,5,22,4.600
2021,7/14/2021,GR51 X OR87,MCR,D15,Inventory_1,12/28/2021,5,21,6.980
2021,7/14/2021,GR51 X OR95,MCR,B20,Inventory_1,12/28/2021,5,43,9.420
2021,7/14/2021,GR51 X OR95,MCR,D01,Inventory_1,12/28/2021,5,35,6.160
2021,7/14/2021,GR51 X OR95,MCR,D03,Inventory_1,12/28/2021,5,8,5.120
2021,7/14/2021,GR51 X OR95,MCR,D07,Inventory_1,12/28/2021,5,12,6.020
2021,7/14/2021,GR51 X OR95,MCR,D16,Inventory_1,12/28/2021,5,213,7.300
2021,7/14/2021,GR51 X OR87  (Mixed 2020),MCR,B05,Inventory_1,1/4/2022,5,71,
2021,6/2/2021,GR26 X OR97,MCR,C25,,1/4/2022,7,327,10.400
2021,5/19/2021,GR19 X GR20,MCR,C26,,1/4/2022,7,72,14.147
2021,5/19/2021,GR19 X OR52,MCR,C31,,1/4/2022,7,94,14.747
2021,5/19/2021,"GR38 X GR20, OR52",MCR,B38,,1/4/2022,7,96,13.507
2021,5/19/2021,"GR22 X GR20, OR52",MCR,C32,,1/4/2022,7,14,17.486
2021,6/2/2021,"GR26 X GR05, GR11, OR60",MCR,C33,,1/4/2022,7,148,12.953
2021,5/19/2021,GR19 X OR52,MCR,C31,Inventory_4,2/17/2022,8,91,15.863
2021,6/16/2021,GR38 X GR46,MCR,B31,Inventory_4,2/17/2022,8,18,16.440
2021,5/19/2021,"GR22 X GR20, OR52",MCR,C32,Inventory_4,2/17/2022,8,11,23.070
2021,6/2/2021,"GR26 X GR05, GR11, OR60",MCR,C33,Inventory_4,2/17/2022,8,139,16.080
2021,6/16/2021,"GR41 X GR35, GR46, GR49",MCR,C23,Inventory_4,2/17/2022,8,71,11.320
2021,7/14/2021,GR51 X OR57,MCR,C35,Inventory_4,2/17/2022,7,182,10.180
2021,6/2/2021,GR26 X OR97,MCR,C25,Inventory_4,2/17/2022,8,308,12.660
2021,6/16/2021,GR38 X GR35,MCR,B34,Inventory_4,2/18/2022,8,136,16.260
2021,7/14/2021,GR51 X OR87,MCR,B36,Inventory_4,2/17/2022,7,33,12.370
2021,5/19/2021,GR19 X GR20,MCR,C26,Inventory_4,2/17/2022,8,67,18.020
2021,6/16/2021,GR38 X GR49,MCR,C37,Inventory_4,2/17/2022,8,350,7.010
2021,6/16/2021,GR41 X GR43,MCR,C38,Inventory_4,2/17/2022,8,304,12.950
2021,7/14/2021,"GR26, GR37 X OR57, OR87, OR95",MCR,C28,Inventory_4,2/17/2022,7,46,12.740
2021,7/14/2021,GR51 X OR95,MCR,C39,Inventory_4,2/17/2022,7,205,10.213
2021,7/14/2021,GR51 X OR29,MCR,C40,Inventory_4,2/17/2022,7,218,10.010
2021,7/14/2021,GR51 X GR12,MCR,C30,Inventory_4,2/17/2022,7,168,9.450
2021,5/19/2021,"GR38 X GR20, OR52",MCR,B38,Inventory_4,2/17/2022,8,88,19.890
2021,6/16/2021,GR38 X GR49,MCR,B39,Inventory_4,2/17/2022,8,1000,10.030
2021,7/14/2021,GR51 X OR33,MCR,D05,Inventory_4,2/17/2022,7,28,6.705
2021,7/14/2021,GR51 X OR95,MCR,B40,Inventory_4,2/17/2022,7,96,13.020
2021,7/14/2021,GR51 X OR29,MCR,D10,Inventory_4,2/17/2022,7,400,3.730
2021,7/14/2021,GR51 X OR29,MCR,D17,Inventory_4,2/17/2022,7,600,5.570
2021,7/14/2021,GR51 X OR87,MCR,C19,Inventory_4,2/17/2022,7,91,9.940