Cohort,Settlement.Date,Family,Facility,Tank,TaskID,Inventory.Date,Age.Month,Total.Animals,Mean.Size
2019,5/30/2019,OR94 X GR09,MCR,B24,Inventory_1,12/3/2019,6,50,3.84
2019,5/30/2019,OR94 X GR09,MCR,B25,Inventory_1,12/3/2019,6,112,4.24
2019,5/30/2019,OR94 X OR85,MCR,B34,Inventory_1,12/3/2019,6,124,4.483
2019,5/30/2019,OR94 X OR97,MCR,B22,Inventory_1,12/3/2019,6,103,4.53
2019,6/6/2019,OR98 X GR05,MCR,B37,Inventory_1,12/3/2019,5,113,3.14
2019,6/6/2019,OR98 X OR87,MCR,B26,Inventory_1,12/3/2019,5,242,4.16
2019,6/6/2019,OR98 X OR95,MCR,B27,Inventory_1,12/3/2019,5,11,2.945
2019,6/6/2019,GR03 X GR08,MCR,C23,Inventory_1,12/4/2019,5,51,4.68
2019,6/6/2019,GR03 X GR08,MCR,C33,Inventory_1,12/4/2019,5,7,4.786
2019,6/6/2019,GR03 X GR11,MCR,C24,Inventory_1,12/4/2019,5,109,5.26
2019,6/6/2019,GR03 X GR11,MCR,C34,Inventory_1,12/4/2019,5,25,3.85
2019,6/6/2019,OR92 X GR08,MCR,C31,Inventory_1,12/4/2019,5,18,4.573
2019,6/6/2019,OR92 X GR08,MCR,C32,Inventory_1,12/4/2019,5,86,4.693
2019,6/6/2019,OR93 X GR11,MCR,C25,Inventory_1,12/4/2019,5,35,5.383
2019,5/30/2019,OR94 X GR09,MCR,C22,Inventory_1,12/4/2019,6,67,4.58
2019,5/30/2019,OR94 X OR85,MCR,C21,Inventory_1,12/4/2019,6,57,3.667
2019,6/6/2019,GR03 X GR08,MCR,D09,Inventory_1,12/8/2019,6,4,6.6
2019,6/6/2019,GR03 X GR11,MCR,D15,Inventory_1,12/8/2019,6,41,3.56
2019,6/6/2019,OR88 X GR05,MCR,C35,Inventory_1,12/8/2019,6,514,3.543
2019,5/30/2019,OR94 X OR85,MCR,D11,Inventory_1,12/8/2019,6,6,6.04
2019,5/30/2019,OR94 X OR85,MCR,D17,Inventory_1,12/8/2019,6,4,5.725
2019,5/30/2019,OR94 X OR97,MCR,D10,Inventory_1,12/8/2019,6,43,3.92
2019,5/30/2019,OR94 X OR97,MCR,D16,Inventory_1,12/8/2019,6,21,4.76
2019,6/18/2019,GR14 X OR29,MCR,B11,Inventory_1,12/17/2019,5,125,3.68
2019,6/18/2019,GR14 X OR29,MCR,B13,Inventory_1,12/17/2019,5,57,2.6
2019,6/18/2019,GR14 X OR29,MCR,B14,Inventory_1,12/17/2019,5,206,3.3
2019,6/18/2019,GR14 X OR29,MCR,B15,Inventory_1,12/17/2019,5,217,2.82
2019,6/18/2019,GR14 X OR55,MCR,B28,Inventory_1,12/17/2019,5,82,6.2
2019,6/18/2019,GR14 X OR55,MCR,B29,Inventory_1,12/17/2019,5,126,4.48
2019,6/18/2019,GR14 X OR55,MCR,B30,Inventory_1,12/17/2019,5,91,4.48
2019,6/18/2019,GR14 X OR55,MCR,B39,Inventory_1,12/17/2019,5,31,3.98
2019,6/18/2019,GR14 X OR55,MCR,B40,Inventory_1,12/17/2019,5,19,3
2019,6/18/2019,GR14 X OR55,MCR,D13,Inventory_1,12/17/2019,5,17,4.48
2019,6/18/2019,GR14 X OR55,MCR,D14,Inventory_1,12/17/2019,5,15,4.76
2019,6/18/2019,GR14 X OR29,MCR,D04,Inventory_1,12/18/2019,6,51,4.28
2019,6/18/2019,GR14 X OR29,MCR,D05,Inventory_1,12/18/2019,6,153,3.92
2019,6/18/2019,GR14 X OR50,MCR,C26,Inventory_1,12/18/2019,6,87,3.52
2019,6/18/2019,GR14 X OR50,MCR,C27,Inventory_1,12/18/2019,6,40,6.64
2019,6/18/2019,GR14 X OR50,MCR,C28,Inventory_1,12/18/2019,6,89,5.52
2019,6/18/2019,GR14 X OR50,MCR,C29,Inventory_1,12/18/2019,6,46,5.2
2019,6/18/2019,GR14 X OR50,MCR,C30,Inventory_1,12/18/2019,6,17,2.96
2019,6/18/2019,GR14 X OR50,MCR,D02,Inventory_1,12/18/2019,6,48,3.48
2019,6/18/2019,GR14 X OR50,MCR,D03,Inventory_1,12/18/2019,6,25,5.06
2019,6/18/2019,GR14 X OR50,MCR,D08,Inventory_1,12/18/2019,6,15,4.6
2019,7/3/2019,OR67 X GR08,MCR,B01,Inventory_1,12/30/2019,5,121,4.017
2019,7/3/2019,OR67 X GR08,MCR,B02,Inventory_1,12/30/2019,5,50,4.083
2019,7/3/2019,OR67 X GR08,MCR,B03,Inventory_1,12/30/2019,5,879,2.167
2019,7/3/2019,OR67 X GR08,MCR,B04,Inventory_1,12/30/2019,5,41,3.45
2019,7/3/2019,OR65 X GR08,MCR,B07,Inventory_1,12/31/2019,5,425,3.367
2019,7/3/2019,OR65 X GR08,MCR,B08,Inventory_1,12/31/2019,5,54,4.807
2019,7/3/2019,"OR65, OR62, OR67 X GR05",MCR,B10,Inventory_1,12/31/2019,5,70,4.507
2019,7/3/2019,OR67 X GR08,MCR,B06,Inventory_1,12/31/2019,5,42,5.683
2019,7/3/2019,OR96 X GR05,MCR,B09,Inventory_1,12/31/2019,5,79,4.283
2019,7/3/2019,OR96 X GR08,MCR,B16,Inventory_1,1/1/2020,5,42,4.717
2019,7/3/2019,OR96 X GR08,MCR,B17,Inventory_1,1/1/2020,5,97,5.917
2019,7/3/2019,OR96 X GR08,MCR,B18,Inventory_1,1/1/2020,5,102,5.767
2019,7/3/2019,OR96 X GR08,MCR,B19,Inventory_1,1/1/2020,5,986,3.15
2019,7/3/2019,OR96 X GR08,MCR,B20,Inventory_1,1/1/2020,5,99,6.833
2019,5/30/2019,OR94 X GR09,MCR,B24,Inventory_2,1/27/2020,7,124,10.327
2019,5/30/2019,OR94 X GR09,MCR,B25,Inventory_2,1/27/2020,7,92,6.46
2019,5/30/2019,OR94 X OR85,MCR,B34,Inventory_2,1/27/2020,7,66,6.587
2019,5/30/2019,OR94 X OR85,MCR,C21,Inventory_2,1/27/2020,7,118,8.033
2019,5/30/2019,OR94 X OR97,MCR,B22,Inventory_2,1/27/2020,7,79,9.48
2019,5/30/2019,OR94 X OR97,MCR,D10,Inventory_2,1/27/2020,7,71,4.9
2019,6/6/2019,OR98 X GR05,MCR,B28,Inventory_2,1/27/2020,7,25,8.66
2019,6/6/2019,OR98 X GR05,MCR,B37,Inventory_2,1/27/2020,7,70,5.367
2019,6/6/2019,OR98 X OR87,MCR,B29,Inventory_2,1/27/2020,7,79,8.687
2019,6/6/2019,OR98 X OR87,MCR,C24,Inventory_2,1/27/2020,7,147,4.46
2019,6/6/2019,OR98 X OR95,MCR,B27,Inventory_2,1/27/2020,7,11,5.509
2019,6/6/2019,GR03 X GR08,MCR,C23,Inventory_2,1/28/2020,7,19,5.413
2019,6/6/2019,GR03 X GR08,MCR,C33,Inventory_2,1/28/2020,7,43,9.267
2019,6/6/2019,GR03 X GR11,MCR,C22,Inventory_2,1/28/2020,7,54,6.05
2019,6/6/2019,GR03 X GR11,MCR,C34,Inventory_2,1/28/2020,7,85,10.33
2019,6/6/2019,GR03 X GR11,MCR,D15,Inventory_2,1/28/2020,7,22,5.46
2019,6/6/2019,OR93 X GR11,MCR,C25,Inventory_2,1/28/2020,7,36,8.859
2019,6/6/2019,OR88 X GR05,MCR,C28,Inventory_2,1/29/2020,7,128,8.707
2019,6/6/2019,OR88 X GR05,MCR,C35,Inventory_2,1/29/2020,7,382,5.413
2019,6/6/2019,OR92 X GR08,MCR,C31,Inventory_2,1/29/2020,7,75,9.76
2019,6/6/2019,OR92 X GR08,MCR,C32,Inventory_2,1/29/2020,7,26,6.98
2019,6/18/2019,GR14 X OR29,MCR,B11,Inventory_2,2/10/2020,7,102,4.95
2019,6/18/2019,GR14 X OR29,MCR,B13,Inventory_2,2/10/2020,7,49,5.48
2019,6/18/2019,GR14 X OR29,MCR,B14,Inventory_2,2/10/2020,7,188,4.52
2019,6/18/2019,GR14 X OR29,MCR,B15,Inventory_2,2/10/2020,7,183,5.08
2019,6/18/2019,GR14 X OR29,MCR,B30,Inventory_2,2/11/2020,7,83,9.18
2019,6/18/2019,GR14 X OR29,MCR,D04,Inventory_2,2/11/2020,7,46,6.24
2019,6/18/2019,GR14 X OR29,MCR,D05,Inventory_2,2/11/2020,7,144,3.76
2019,6/18/2019,GR14 X OR50,MCR,C26,Inventory_2,2/11/2020,7,74,5.738
2019,6/18/2019,GR14 X OR50,MCR,C29,Inventory_2,2/11/2020,7,91,9.975
2019,6/18/2019,GR14 X OR50,MCR,C30,Inventory_2,2/11/2020,7,146,6.25
2019,6/18/2019,GR14 X OR50,MCR,D02,Inventory_2,2/11/2020,7,44,5.575
2019,6/18/2019,GR14 X OR55,MCR,B39,Inventory_2,2/11/2020,7,249,6.253
2019,6/18/2019,GR14 X OR55,MCR,B40,Inventory_2,2/11/2020,7,125,9.913
2019,8/21/2019,OR94 X GR12,MCR,B35,Inventory_1,2/18/2020,5,131,3.093
2019,8/21/2019,OR94 X GR12,MCR,B38,Inventory_1,2/18/2020,5,425,1.833
2019,8/21/2019,OR94 X OR87,MCR,B05,Inventory_1,2/18/2020,5,70,2.557
2019,8/21/2019,OR94 X OR87,MCR,B33,Inventory_1,2/18/2020,5,27,3
2019,8/21/2019,OR94 X OR74,MCR,C36,Inventory_1,2/19/2020,5,4,2.425
2019,8/21/2019,OR94 X OR74,MCR,C37,Inventory_1,2/19/2020,5,8,3.325
2019,8/21/2019,OR94 X OR74,MCR,C39,Inventory_1,2/19/2020,5,31,2.411
2019,7/3/2019,OR65 X GR08,MCR,B06,Inventory_2,2/26/2020,7,51,9.927
2019,7/3/2019,OR65 X GR08,MCR,B08,Inventory_2,2/26/2020,7,384,4.547
2019,7/3/2019,"OR65, OR62, OR67 X GR05",MCR,B10,Inventory_2,2/26/2020,7,70,8.107
2019,7/3/2019,OR67 X GR08,MCR,B01,Inventory_2,2/26/2020,7,192,6.18
2019,7/3/2019,OR67 X GR08,MCR,B02,Inventory_2,2/26/2020,7,53,8.91
2019,7/3/2019,OR67 X GR08,MCR,B03,Inventory_2,2/26/2020,7,1081,2.5
2019,7/3/2019,OR96 X GR05,MCR,B09,Inventory_2,2/26/2020,7,83,7.087
2019,7/3/2019,OR96 X GR08,MCR,B16,Inventory_2,2/27/2020,7,184,7.58
2019,7/3/2019,OR96 X GR08,MCR,B17,Inventory_2,2/27/2020,7,262,4.95
2019,7/3/2019,OR96 X GR08,MCR,B19,Inventory_2,2/27/2020,7,902,2.64
2019,9/10/2019,OR68 X OR45,MCR,B12,Inventory_1,3/9/2020,5,16,3.481
2019,9/10/2019,OR68 X OR45,MCR,B23,Inventory_1,3/9/2020,5,3,4.733
2019,9/10/2019,OR68 X OR57,MCR,B31,Inventory_1,3/9/2020,5,74,4.467
2019,9/10/2019,OR68 X OR57,MCR,B32,Inventory_1,3/9/2020,5,954,2.887
2019,9/10/2019,GR14 X OR57,MCR,D06,Inventory_1,3/9/2020,5,84,2.4
2019,9/10/2019,GR14 X OR45,MCR,D07,Inventory_1,3/9/2020,5,39,2.26
2019,9/10/2019,GR14 X OR57,MCR,D12,Inventory_1,3/9/2020,5,74,2.58
2019,9/10/2019,GR14 X OR45,MCR,D18,Inventory_1,3/9/2020,5,1468,3.007
2019,5/30/2019,OR94 X OR97,MCR,B18,Inventory_3,4/6/2020,10,68,10.74
2019,5/30/2019,OR94 X OR97,MCR,B22,Inventory_3,4/6/2020,10,82,15.967
2019,5/30/2019,OR94 X GR09,MCR,B24,Inventory_3,4/6/2020,10,120,17.72
2019,5/30/2019,OR94 X GR09,MCR,B25,Inventory_3,4/6/2020,10,94,14.407
2019,5/30/2019,OR94 X OR85,MCR,B34,Inventory_3,4/6/2020,10,66,15.587
2019,5/30/2019,OR94 X OR85,MCR,C21,Inventory_3,4/6/2020,10,118,15.913
2019,6/6/2019,OR98 X OR95,MCR,B27,Inventory_3,4/6/2020,10,11,10.591
2019,6/6/2019,OR98 X GR05,MCR,B28,Inventory_3,4/6/2020,10,27,16.347
2019,6/6/2019,OR98 X GR05,MCR,B37,Inventory_3,4/6/2020,10,72,12.48
2019,6/6/2019,OR98 X OR87,MCR,B29,Inventory_3,4/7/2020,10,119,10.78
2019,6/6/2019,GR03 X GR11,MCR,C22,Inventory_3,4/7/2020,10,73,12.247
2019,6/6/2019,GR03 X GR08,MCR,C23,Inventory_3,4/7/2020,10,18,11.867
2019,6/6/2019,OR98 X OR87,MCR,C24,Inventory_3,4/7/2020,10,93,5.68
2019,6/6/2019,OR93 X GR11,MCR,C25,Inventory_3,4/7/2020,10,33,17.687
2019,6/6/2019,OR88 X GR05,MCR,C28,Inventory_3,4/7/2020,10,215,14.287
2019,6/6/2019,OR92 X GR08,MCR,C31,Inventory_3,4/7/2020,10,73,17.84
2019,6/6/2019,OR92 X GR08,MCR,C32,Inventory_3,4/7/2020,10,27,14.233
2019,6/6/2019,GR03 X GR08,MCR,C33,Inventory_3,4/7/2020,10,43,17.613
2019,6/6/2019,GR03 X GR11,MCR,C34,Inventory_3,4/7/2020,10,85,17.6
2019,6/6/2019,OR88 X GR05,MCR,C35,Inventory_3,4/7/2020,10,258,11.427
2019,8/21/2019,OR94 X OR87,MCR,B05,Inventory_2,4/13/2020,7,74,5.12
2019,8/21/2019,OR94 X OR87,MCR,B33,Inventory_2,4/13/2020,7,24,7.913
2019,8/21/2019,OR94 X GR12,MCR,B35,Inventory_2,4/13/2020,7,135,6.92
2019,8/21/2019,OR94 X GR12,MCR,B38,Inventory_2,4/13/2020,7,186,5.02
2019,8/21/2019,OR94 X OR74,MCR,C39,Inventory_2,4/13/2020,7,42,5.857
2019,6/18/2019,GR14 X OR29,MCR,B11,Inventory_3,4/20/2020,10,147,11.717
2019,6/18/2019,GR14 X OR29,MCR,B13,Inventory_3,4/20/2020,10,190,10.05
2019,6/18/2019,GR14 X OR29,MCR,B14,Inventory_3,4/21/2020,10,185,8.05
2019,6/18/2019,GR14 X OR29,MCR,B15,Inventory_3,4/21/2020,10,185,7.35
2019,6/18/2019,GR14 X OR29,MCR,B30,Inventory_3,4/21/2020,10,74,14.817
2019,6/18/2019,GR14 X OR50,MCR,C26,Inventory_3,4/22/2020,10,121,14.647
2019,6/18/2019,GR14 X OR50,MCR,C29,Inventory_3,4/22/2020,10,91,16.113
2019,6/18/2019,GR14 X OR50,MCR,C30,Inventory_3,4/22/2020,10,146,15.32
2019,6/18/2019,GR14 X OR55,MCR,B39,Inventory_3,4/22/2020,10,221,14.66
2019,6/18/2019,GR14 X OR55,MCR,B40,Inventory_3,4/22/2020,10,117,18.78
2019,7/3/2019,OR67 X GR08,MCR,B01,Inventory_3,4/24/2020,9,172,5.65
2019,7/3/2019,OR67 X GR08,MCR,B02,Inventory_3,4/24/2020,9,179,9.86
2019,7/3/2019,OR67 X GR08,MCR,B03,Inventory_3,4/24/2020,9,974,3.66
2019,7/3/2019,OR65 X GR08,MCR,B06,Inventory_3,4/24/2020,9,200,12.287
2019,7/3/2019,OR65 X GR08,MCR,B08,Inventory_3,4/24/2020,9,219,7.787
2019,7/3/2019,OR96 X GR05,MCR,B09,Inventory_3,4/24/2020,9,83,12.9
2019,7/3/2019,"OR65, OR62, OR67 X GR05",MCR,B10,Inventory_3,4/24/2020,9,67,15.333
2019,7/3/2019,OR96 X GR08,MCR,B16,Inventory_3,4/24/2020,9,183,11.1
2019,7/3/2019,OR96 X GR08,MCR,B17,Inventory_3,4/24/2020,9,467,7.42
2019,7/3/2019,OR96 X GR08,MCR,B19,Inventory_3,4/24/2020,9,653,6.08
2019,9/10/2019,OR68 X OR45,MCR,B12,Inventory_2,4/28/2020,7,19,7.428
2019,9/10/2019,OR68 X OR57,MCR,B31,Inventory_2,4/28/2020,7,68,9.56
2019,9/10/2019,OR68 X OR57,MCR,B32,Inventory_2,4/28/2020,7,234,5.073
2019,9/10/2019,GR14 X OR57,MCR,D06,Inventory_2,4/28/2020,7,78,6.953
2019,9/10/2019,GR14 X OR57,MCR,D12,Inventory_2,4/28/2020,7,85,6.547
2019,9/10/2019,GR14 X OR45,MCR,D18,Inventory_2,4/28/2020,7,1073,4.827
2019,9/10/2019,OR68 X OR57,MCR,B23,Inventory_2,5/2/2020,7,227,10.813
2019,9/10/2019,GR14 X OR45,MCR,B26,Inventory_2,5/2/2020,7,330,7.787
2019,9/10/2019,GR14 X OR57,MCR,C39,Inventory_3,5/13/2020,8,97,8.26
2019,8/21/2019,OR94 X GR12,MCR,B38,Inventory_3,5/12/2020,8,123,10.067
2019,8/21/2019,OR94 X GR12,MCR,B35,Inventory_3,5/12/2020,8,62,13.88
2019,9/10/2019,OR68 X OR57,MCR,B31,Inventory_3,5/2/2020,7,219,12.32
2019,9/10/2019,GR14 X OR45,MCR,D18,Inventory_3,5/2/2020,7,1073,12.32
2019,9/10/2019,OR68 X OR57,MCR,B23,Inventory_3,5/2/2020,7,227,10.813
2019,9/10/2019,GR14 X OR45,MCR,B26,Inventory_3,5/2/2020,7,330,7.787
2019,9/10/2019,OR68 X OR57,MCR,B32,Inventory_3,5/2/2020,7,83,12.32
2019,8/21/2019,OR94 X OR74,MCR,C39,Inventory_3,5/2/2020,8,42,17.073
2019,8/21/2019,OR94 X OR87,MCR,B05,Inventory_3,5/2/2020,8,98,8.593
2019,9/10/2019,OR68 X OR45,MCR,B12,Inventory_3,5/2/2020,7,19,10.59
2020,6/11/2020,GR26 X GR17,MCR,B40,Inventory_0,6/11/2020,0,24300,0
2020,6/11/2020,GR26 X GR17,MCR,C25,Inventory_0,6/11/2020,0,24300,0
2020,6/11/2020,GR26 X GR24,MCR,B40,Inventory_0,6/11/2020,0,20400,0
2020,6/11/2020,GR26 X GR24,MCR,C21,Inventory_0,6/11/2020,0,20400,0
2020,6/11/2020,GR26 X OR14,MCR,B09,Inventory_0,6/11/2020,0,21600,0
2020,6/11/2020,GR26 X OR14,MCR,C31,Inventory_0,6/11/2020,0,21600,0
2020,6/11/2020,GR26 X OR44,MCR,B02,Inventory_0,6/11/2020,0,22800,0
2020,6/11/2020,GR26 X OR44,MCR,B20,Inventory_0,6/11/2020,0,22800,0
2020,6/11/2020,GR26 X OR44,MCR,B28,Inventory_0,6/11/2020,0,22800,0
2020,6/25/2020,GR02 X GR20,MCR,B07,Inventory_0,6/25/2020,0,2400,0
2020,6/25/2020,GR02 X OR91,MCR,B18,Inventory_0,6/25/2020,0,2000,0
2020,7/9/2020,GR16 X GR07,MCR,B33,Inventory_0,7/9/2020,0,8000,0
2020,7/9/2020,GR27 X GR07,MCR,B11,Inventory_0,7/9/2020,0,23000,0
2020,7/9/2020,GR27 X GR07,MCR,B16,Inventory_0,7/9/2020,0,23000,0
2020,7/9/2020,GR27 X GR07,MCR,B27,Inventory_0,7/9/2020,0,23000,0
2020,7/9/2020,GR27 X GR07,MCR,C26,Inventory_0,7/9/2020,0,23000,0
2020,7/9/2020,GR27 X GR09,MCR,B15,Inventory_0,7/9/2020,0,22950,0
2020,7/9/2020,GR27 X GR09,MCR,B36,Inventory_0,7/9/2020,0,22950,0
2020,7/9/2020,GR27 X GR09,MCR,B39,Inventory_0,7/9/2020,0,22950,0
2020,7/9/2020,GR27 X GR09,MCR,C36,Inventory_0,7/9/2020,0,22950,0
2020,7/9/2020,GR27 X GR11,MCR,B01,Inventory_0,7/9/2020,0,15200,0
2020,7/9/2020,GR27 X GR11,MCR,B06,Inventory_0,7/9/2020,0,15200,0
2020,7/9/2020,GR27 X GR12,MCR,B04,Inventory_0,7/9/2020,0,23466,0
2020,7/9/2020,GR27 X GR12,MCR,C23,Inventory_0,7/9/2020,0,23466,0
2020,7/9/2020,GR27 X GR12,MCR,C29,Inventory_0,7/9/2020,0,23466,0
2020,7/9/2020,GR27 X OR50,MCR,B21,Inventory_0,7/9/2020,0,21375,0
2020,7/9/2020,GR27 X OR50,MCR,B24,Inventory_0,7/9/2020,0,21375,0
2020,7/9/2020,GR27 X OR50,MCR,C30,Inventory_0,7/9/2020,0,21375,0
2020,7/9/2020,GR27 X OR50,MCR,C35,Inventory_0,7/9/2020,0,21375,0
2020,7/9/2020,GR28 X OR50,MCR,B29,Inventory_0,7/9/2020,0,9600,0
2020,7/30/2020,GR18 X GR13,MCR,B03,Inventory_0,7/30/2020,0,25000,0
2020,7/30/2020,GR18 X GR13,MCR,B25,Inventory_0,7/30/2020,0,25000,0
2020,7/30/2020,GR18 X GR13,MCR,B30,Inventory_0,7/30/2020,0,25000,0
2020,7/30/2020,GR18 X GR13,MCR,C10,Inventory_0,7/30/2020,0,25000,0
2020,7/30/2020,GR18 X GR17,MCR,B08,Inventory_0,7/30/2020,0,25000,0
2020,7/30/2020,GR18 X GR17,MCR,B14,Inventory_0,7/30/2020,0,25000,0
2020,7/30/2020,GR18 X GR17,MCR,B19,Inventory_0,7/30/2020,0,25000,0
2020,7/30/2020,GR18 X GR24,MCR,B12,Inventory_0,7/30/2020,0,25000,0
2020,7/30/2020,GR18 X GR24,MCR,C32,Inventory_0,7/30/2020,0,25000,0
2020,7/30/2020,GR18 X GR24,MCR,C38,Inventory_0,7/30/2020,0,25000,0
2020,7/30/2020,GR18 X OR48,MCR,B35,Inventory_0,7/30/2020,0,25000,0
2020,7/30/2020,GR18 X OR48,MCR,B38,Inventory_0,7/30/2020,0,25000,0
2020,7/30/2020,GR18 X OR48,MCR,C09,Inventory_0,7/30/2020,0,29000,0
2020,7/30/2020,GR18 X OR48,MCR,C40,Inventory_0,7/30/2020,0,25000,0
2020,7/30/2020,GR18 X OR87,MCR,B10,Inventory_0,7/30/2020,0,30400,0
2020,7/30/2020,GR18 X OR87,MCR,B22,Inventory_0,7/30/2020,0,30400,0
2020,7/30/2020,GR18 X OR87,MCR,C24,Inventory_0,7/30/2020,0,30400,0
2020,7/30/2020,GR18 X OR87,MCR,C28,Inventory_0,7/30/2020,0,30400,0
2020,7/30/2020,GR18 X OR91,MCR,B05,Inventory_0,7/30/2020,0,30400,0
2020,7/30/2020,GR18 X OR91,MCR,B34,Inventory_0,7/30/2020,0,30400,0
2020,7/30/2020,GR18 X OR95,MCR,B17,Inventory_0,7/30/2020,0,25000,0
2020,7/30/2020,GR18 X OR95,MCR,B37,Inventory_0,7/30/2020,0,25000,0
2020,7/30/2020,GR18 X OR95,MCR,C20,Inventory_0,7/30/2020,0,24200,0
2020,7/30/2020,GR18 X OR95,MCR,C33,Inventory_0,7/30/2020,0,25000,0
2020,7/30/2020,GR26 X GR13,MCR,C27,Inventory_0,7/30/2020,0,19200,0
2020,7/30/2020,GR26 X GR13,MCR,C34,Inventory_0,7/30/2020,0,19200,0
2020,7/30/2020,GR26 X GR13,MCR,C37,Inventory_0,7/30/2020,0,19200,0
2020,7/30/2020,GR26 X OR48,MCR,B13,Inventory_0,7/30/2020,0,24000,0
2020,7/30/2020,GR26 X OR48,MCR,C22,Inventory_0,7/30/2020,0,24000,0
2020,8/13/2020,GR23 X GR25,MCR,C12,Inventory_0,8/13/2020,0,18800,0
2020,8/13/2020,GR23 X GR25,MCR,C40,Inventory_0,8/13/2020,0,18800,0
2020,8/13/2020,GR23 X OR44,MCR,C15,Inventory_0,8/13/2020,0,16800,0
2020,8/13/2020,GR23 X OR44,MCR,C39,Inventory_0,8/13/2020,0,16800,0
2020,8/13/2020,GR23 X OR46,MCR,B31,Inventory_0,8/13/2020,0,25000,0
2020,8/13/2020,GR23 X OR46,MCR,D03,Inventory_0,8/13/2020,0,25000,0
2020,8/13/2020,GR23 X OR46,MCR,D12,Inventory_0,8/13/2020,0,25000,0
2020,8/13/2020,GR23 X OR85,MCR,B26,Inventory_0,8/13/2020,0,25000,0
2020,8/13/2020,GR23 X OR85,MCR,C11,Inventory_0,8/13/2020,0,25000,0
2020,8/13/2020,GR23 X OR86,MCR,B23,Inventory_0,8/13/2020,0,25000,0
2020,8/13/2020,GR23 X OR86,MCR,D01,Inventory_0,8/13/2020,0,25000,0
2020,8/13/2020,GR23 X OR87,MCR,B32,Inventory_0,8/13/2020,0,25000,0
2020,8/13/2020,GR23 X OR87,MCR,D02,Inventory_0,8/13/2020,0,25000,0
2020,7/9/2020,GR27 X GR09,MCR,B39,Inventory_1,12/15/2020,5,7,4.857
2020,6/25/2020,GR02 X GR20,MCR,B07,Inventory_1,12/24/2020,5,687,3.423
2020,6/25/2020,GR02 X OR91,MCR,B18,Inventory_1,12/24/2020,5,454,2.367
2020,7/9/2020,GR27 X GR12,MCR,C23,Inventory_1,12/29/2020,5,638,2.793
2020,7/9/2020,GR27 X OR50,MCR,C35,Inventory_1,12/29/2020,5,818,3.7
2020,7/9/2020,GR27 X GR07,MCR,C26,Inventory_1,12/29/2020,5,568,2.22
2020,7/9/2020,GR27 X GR09,MCR,C36,Inventory_1,12/29/2020,5,425,3.09
2020,7/9/2020,GR27 X GR07,MCR,B11,Inventory_1,12/29/2020,5,107,5.96
2020,7/9/2020,GR27 X GR09,MCR,B15,Inventory_1,1/6/2021,5,492,2.9
2020,7/9/2020,GR27 X GR07,MCR,B16,Inventory_1,1/6/2021,5,445,2.12
2020,7/9/2020,GR27 X GR11,MCR,B01,Inventory_1,1/6/2021,5,575,3.98
2020,7/9/2020,GR27 X GR11,MCR,B06,Inventory_1,1/6/2021,5,376,4.187
2020,7/9/2020,GR27 X GR12,MCR,B04,Inventory_1,1/6/2021,5,386,2.797
2020,7/9/2020,GR27 X GR09,MCR,B36,Inventory_1,1/7/2021,5,1048,2.98
2020,7/9/2020,GR27 X OR50,MCR,C30,Inventory_1,1/7/2021,5,1333,3.43
2020,7/9/2020,GR27 X GR12,MCR,C29,Inventory_1,1/7/2021,5,601,2.277
2020,7/9/2020,GR28 X OR50,MCR,B29,Inventory_1,1/7/2021,5,136,4.69
2020,7/9/2020,GR16 X GR07,MCR,B33,Inventory_1,1/8/2021,5,753,2.91
2020,6/11/2020,"GR26 X GR17, GR24",MCR,B40,Inventory_1,1/11/2021,7,1439,5.11
2020,6/11/2020,GR26 X OR14,MCR,C31,Inventory_1,1/11/2021,7,339,8.58
2020,6/11/2020,GR26 X GR24,MCR,C21,Inventory_1,1/11/2021,7,369,6.433
2020,7/9/2020,GR27 X OR50,MCR,B21,Inventory_1,1/11/2021,6,737,3.82
2020,7/9/2020,GR27 X OR50,MCR,B24,Inventory_1,1/11/2021,6,735,3.14
2020,6/11/2020,GR26 X GR17,MCR,C25,Inventory_1,1/14/2021,7,811,3.63
2020,6/11/2020,GR26 X OR44,MCR,B28,Inventory_1,1/13/2021,7,1258,3.56
2020,7/9/2020,GR27 X GR07,MCR,B27,Inventory_1,1/14/2021,6,570,3.2
2020,6/11/2020,GR26 X OR14,MCR,B09,Inventory_1,1/14/2021,7,496,3.92
2020,6/11/2020,GR26 X OR44,MCR,B20,Inventory_1,1/14/2021,7,803,4.39
2020,6/11/2020,GR26 X OR44,MCR,B02,Inventory_1,1/14/2021,7,1119,3.78
2020,7/30/2020,GR18 X GR24,MCR,B12,Inventory_1,1/19/2021,5,1208,2.803
2020,7/30/2020,GR18 X GR24,MCR,C32,Inventory_1,1/19/2021,5,418,4.323
2020,7/30/2020,GR26 X GR13,MCR,C34,Inventory_1,1/19/2021,5,662,2.47
2020,7/30/2020,GR26 X GR13,MCR,C27,Inventory_1,1/21/2021,5,690,2.377
2020,7/30/2020,GR26 X GR13,MCR,C37,Inventory_1,1/21/2021,5,442,2.51
2020,7/30/2020,GR18 X GR24,MCR,C38,Inventory_1,1/21/2021,5,749,3.067
2020,7/30/2020,GR18 X OR87,MCR,B10,Inventory_1,1/26/2021,5,356,1.96
2020,7/30/2020,GR18 X OR87,MCR,C28,Inventory_1,1/26/2021,5,500,2.75
2020,7/30/2020,GR18 X OR87,MCR,C24,Inventory_1,1/26/2021,5,374,2.61
2020,7/30/2020,GR18 X OR87,MCR,B22,Inventory_1,1/26/2021,5,651,3
2020,7/30/2020,GR18 X GR13,MCR,B03,Inventory_1,1/21/2021,5,1468,2.7
2020,7/30/2020,GR18 X GR13,MCR,B25,Inventory_1,1/21/2021,5,433,3.157
2020,7/30/2020,GR18 X GR13,MCR,B30,Inventory_1,1/21/2021,5,962,3.113
2020,7/30/2020,GR18 X GR13,MCR,C10,Inventory_1,1/21/2021,5,163,2.329
2020,7/30/2020,GR18 X GR17,MCR,B08,Inventory_1,1/21/2021,5,281,4.19
2020,7/30/2020,GR18 X GR17,MCR,B14,Inventory_1,1/21/2021,5,150,4.15
2020,7/30/2020,GR18 X GR17,MCR,B19,Inventory_1,1/21/2021,5,67,3.66
2020,7/30/2020,GR18 X OR48,MCR,B35,Inventory_1,1/21/2021,5,551,3.47
2020,7/30/2020,GR18 X OR48,MCR,B38,Inventory_1,1/21/2021,5,558,3.46
2020,7/30/2020,GR18 X OR48,MCR,C09,Inventory_1,1/21/2021,5,215,2.16
2020,6/25/2020,GR02 X OR91,MCR,B18,Inventory_2,1/21/2021,6,376,3.123
2020,6/25/2020,GR02 X GR20,MCR,B07,Inventory_2,1/21/2021,6,769,5.75
2020,7/30/2020,GR18 X OR91,MCR,B05,Inventory_1,1/21/2021,5,467,2.9
2020,7/30/2020,GR18 X OR91,MCR,B34,Inventory_1,1/21/2021,5,946,3.247
2020,7/30/2020,GR26 X OR48,MCR,B13,Inventory_1,1/21/2021,5,74,5.367
2020,7/30/2020,GR26 X OR48,MCR,C22,Inventory_1,1/21/2021,5,1189,2.767
2020,8/13/2020,GR23 X OR46,MCR,D03,Inventory_1,2/1/2021,5,363,3.166
2020,8/13/2020,GR23 X OR46,MCR,D12,Inventory_1,2/1/2021,5,379,3.276
2020,8/13/2020,GR23 X OR46,MCR,B31,Inventory_1,2/1/2021,5,849,2.872
2020,6/11/2020,GR26 X GR17,MCR,C25,Inventory_2,2/9/2021,7,833,7.324
2020,6/11/2020,GR26 X GR24,MCR,C21,Inventory_2,2/9/2021,7,371,6.286
2020,6/11/2020,GR26 X OR14,MCR,C31,Inventory_2,2/9/2021,7,313,8.033
2020,6/11/2020,"GR26 X GR17, GR24",MCR,B40,Inventory_2,2/9/2021,7,1600,5.979
2020,6/11/2020,GR26 X OR44,MCR,B28,Inventory_2,2/9/2021,7,1291,6.41
2020,6/11/2020,GR26 X OR14,MCR,B09,Inventory_2,2/9/2021,7,501,4.987
2020,6/11/2020,GR26 X OR44,MCR,B20,Inventory_2,2/9/2021,7,808,5.76
2020,6/11/2020,GR26 X OR44,MCR,B02,Inventory_2,2/9/2021,7,840,4.34
2020,8/13/2020,GR23 X OR87,MCR,B32,Inventory_1,2/11/2021,5,710,2.681
2020,8/13/2020,GR23 X OR86,MCR,B23,Inventory_1,2/11/2021,5,748,2.233
2020,7/9/2020,GR16 X GR07,MCR,B33,Inventory_2,2/9/2021,7,965,5.107
2020,7/9/2020,GR27 X GR07,MCR,B11,Inventory_2,2/9/2021,7,101,8.44
2020,7/9/2020,GR27 X GR07,MCR,B16,Inventory_2,2/9/2021,7,469,2.85
2020,7/9/2020,GR27 X GR07,MCR,B27,Inventory_2,2/9/2021,7,741,4.9
2020,7/9/2020,GR27 X GR07,MCR,C26,Inventory_2,2/9/2021,7,694,3.87
2020,7/9/2020,GR27 X GR11,MCR,B01,Inventory_2,2/9/2021,7,742,4.427
2020,7/9/2020,GR27 X GR11,MCR,B06,Inventory_2,2/9/2021,7,458,3.707
2020,7/9/2020,GR27 X OR50,MCR,B21,Inventory_2,2/9/2021,7,623,5.25
2020,7/9/2020,GR27 X OR50,MCR,B24,Inventory_2,2/9/2021,7,878,4.47
2020,7/9/2020,GR27 X OR50,MCR,C30,Inventory_2,2/9/2021,7,1472,4.49
2020,7/9/2020,GR27 X OR50,MCR,C35,Inventory_2,2/9/2021,7,812,5.64
2020,7/9/2020,GR28 X OR50,MCR,B29,Inventory_2,2/9/2021,7,135,6.959
2020,7/9/2020,GR27 X GR09,MCR,B15,Inventory_2,2/9/2021,7,525,4.89
2020,7/9/2020,GR27 X GR09,MCR,B36,Inventory_2,2/9/2021,7,1055,5.05
2020,7/9/2020,GR27 X GR09,MCR,C36,Inventory_2,2/9/2021,7,261,6.13
2020,8/13/2020,GR23 X GR25,MCR,C12,Inventory_1,2/9/2021,5,319,3.507
2020,8/13/2020,GR23 X GR25,MCR,C40,Inventory_1,2/9/2021,5,891,3.767
2020,8/13/2020,GR23 X OR44,MCR,C15,Inventory_1,2/9/2021,5,537,2.873
2020,8/13/2020,GR23 X OR44,MCR,C39,Inventory_1,2/9/2021,5,662,3.22
2020,8/13/2020,GR23 X OR85,MCR,B26,Inventory_1,2/9/2021,5,263,4.3
2020,8/13/2020,GR23 X OR85,MCR,C11,Inventory_1,2/9/2021,5,1158,2.42
2020,8/13/2020,GR23 X OR86,MCR,D01,Inventory_1,2/9/2021,5,442,2.753
2020,8/13/2020,GR23 X OR87,MCR,D02,Inventory_1,2/9/2021,5,320,2.727
2020,6/25/2020,GR02 X OR91,MCR,B18,Inventory_3,2/23/2021,7,718,5.972
2020,6/25/2020,GR02 X GR20,MCR,B07,Inventory_3,2/23/2021,7,448,2.897
2020,7/30/2020,GR18 X OR95,MCR,B17,Inventory_1,1/26/2021,5,662,4.01
2020,7/30/2020,GR18 X OR95,MCR,B37,Inventory_1,1/26/2021,5,548,3.7
2020,7/30/2020,GR18 X OR95,MCR,C20,Inventory_1,1/26/2021,5,364,2.28
2020,7/30/2020,GR18 X OR95,MCR,C33,Inventory_1,1/26/2021,5,602,3.98
2020,7/9/2020,GR27 X GR12,MCR,B04,Inventory_2,2/8/2021,6,520,3.328
2020,7/9/2020,GR27 X GR12,MCR,C29,Inventory_2,2/8/2021,6,355,3.569
2020,7/9/2020,GR27 X GR12,MCR,C23,Inventory_2,2/8/2021,6,394,4.355
2020,7/30/2020,GR18 X GR13,MCR,B03,Inventory_2,2/23/2021,6,604,4.12
2020,7/30/2020,GR18 X GR13,MCR,B25,Inventory_2,2/23/2021,6,318,5.54
2020,7/30/2020,GR18 X GR13,MCR,B30,Inventory_2,2/23/2021,6,988,3.82
2020,7/30/2020,GR18 X GR13,MCR,C10,Inventory_2,2/23/2021,6,160,3.82
2020,7/30/2020,GR18 X GR17,MCR,B08,Inventory_2,2/23/2021,6,174,5.28
2020,7/30/2020,GR18 X GR17,MCR,B14,Inventory_2,2/23/2021,6,146,5.27
2020,7/30/2020,GR18 X GR17,MCR,B19,Inventory_2,2/23/2021,6,59,5.27
2020,7/30/2020,GR18 X OR48,MCR,B35,Inventory_2,2/23/2021,6,619,5.37
2020,7/30/2020,GR18 X OR48,MCR,B38,Inventory_2,2/23/2021,6,705,6.03
2020,7/30/2020,GR18 X OR48,MCR,C09,Inventory_2,2/23/2021,6,218,3.71
2020,7/30/2020,GR18 X GR24,MCR,B12,Inventory_2,2/23/2021,6,1259,4.007
2020,7/30/2020,GR18 X GR24,MCR,C32,Inventory_2,2/23/2021,6,396,6.938
2020,7/30/2020,GR18 X GR24,MCR,C38,Inventory_2,2/23/2021,6,1081,4.421
2020,7/30/2020,GR18 X OR87,MCR,B10,Inventory_2,2/23/2021,6,88,3.94
2020,7/30/2020,GR18 X OR87,MCR,B22,Inventory_2,2/23/2021,6,827,3.87
2020,7/30/2020,GR18 X OR87,MCR,C24,Inventory_2,2/23/2021,6,194,5.38
2020,7/30/2020,GR18 X OR87,MCR,C28,Inventory_2,2/23/2021,6,206,4.16
2020,7/30/2020,GR18 X OR95,MCR,B17,Inventory_2,2/23/2021,6,417,5.09
2020,7/30/2020,GR18 X OR95,MCR,B37,Inventory_2,2/23/2021,6,644,5.81
2020,7/30/2020,GR18 X OR95,MCR,C20,Inventory_2,2/23/2021,6,66,4.48
2020,7/30/2020,GR18 X OR95,MCR,C33,Inventory_2,2/23/2021,6,645,4.04
2020,7/30/2020,GR26 X GR13,MCR,C27,Inventory_2,2/23/2021,6,207,4.393
2020,7/30/2020,GR26 X GR13,MCR,C34,Inventory_2,2/23/2021,6,654,4.045
2020,7/30/2020,GR26 X GR13,MCR,C37,Inventory_2,2/23/2021,6,619,3.924
2020,7/30/2020,GR26 X OR48,MCR,B13,Inventory_2,2/23/2021,6,76,7.473
2020,7/30/2020,GR26 X OR48,MCR,C22,Inventory_2,2/23/2021,6,259,4.757
2020,7/30/2020,GR18 X OR91,MCR,B05,Inventory_2,2/23/2021,6,153,4.613
2020,7/30/2020,GR18 X OR91,MCR,B34,Inventory_2,2/23/2021,6,468,4.633
2020,7/9/2020,GR27 X OR50,MCR,B21,Inventory_3,3/9/2021,8,658,6.08
2020,7/9/2020,GR27 X OR50,MCR,B24,Inventory_3,3/9/2021,8,1003,6.03
2020,7/9/2020,GR27 X OR50,MCR,C30,Inventory_3,3/9/2021,8,1319,4.6
2020,7/9/2020,GR27 X GR09,MCR,B36,Inventory_3,3/9/2021,8,982,6.52
2020,7/9/2020,GR27 X GR09,MCR,B15,Inventory_3,3/9/2021,8,636,5.83
2020,7/9/2020,GR27 X GR09,MCR,C36,Inventory_3,3/9/2021,8,299,7.87
2020,7/9/2020,GR27 X GR07,MCR,B11,Inventory_3,3/9/2021,8,98,9.93
2020,7/9/2020,GR27 X GR07,MCR,B16,Inventory_3,3/9/2021,8,492,3.6
2020,7/9/2020,GR27 X GR07,MCR,B27,Inventory_3,3/9/2021,8,771,5.24
2020,7/9/2020,GR27 X GR07,MCR,C26,Inventory_3,3/9/2021,8,795,5.61
2020,7/9/2020,GR27 X GR11,MCR,B06,Inventory_3,3/9/2021,8,819,4.08
2020,7/9/2020,GR27 X GR11,MCR,B01,Inventory_3,3/9/2021,8,843,4.98
2020,7/9/2020,GR16 X GR07,MCR,B33,Inventory_3,3/9/2021,8,867,7.41
2020,6/11/2020,GR26 X GR17,MCR,C25,Inventory_3,3/9/2021,8,847,4.317
2020,6/11/2020,GR26 X GR24,MCR,C21,Inventory_3,3/9/2021,8,361,7.972
2020,6/11/2020,GR26 X OR14,MCR,C31,Inventory_3,3/9/2021,8,315,10.931
2020,6/11/2020,GR26 X OR44,MCR,B28,Inventory_3,3/9/2021,8,1175,5.31
2020,6/11/2020,"GR26 X GR17, GR24",MCR,B40,Inventory_3,3/9/2021,8,1500,6.803
2020,6/11/2020,GR26 X OR44,MCR,B20,Inventory_3,3/9/2021,8,714,5.01
2020,6/11/2020,GR26 X OR14,MCR,B09,Inventory_3,3/9/2021,8,444,4.887
2020,6/11/2020,GR26 X OR44,MCR,B02,Inventory_3,3/9/2021,8,695,4.14
2020,7/9/2020,GR27 X GR12,MCR,C29,Inventory_3,3/11/2021,8,239,4.921
2020,7/9/2020,GR27 X GR12,MCR,C23,Inventory_3,3/11/2021,8,373,6.021
2020,7/9/2020,GR27 X GR12,MCR,B04,Inventory_3,3/11/2021,8,493,3.817
2020,7/9/2020,GR27 X OR50,MCR,C35,Inventory_3,3/11/2021,8,756,4.6
2020,7/9/2020,GR28 X OR50,MCR,B29,Inventory_3,3/11/2021,8,126,9.431
2020,7/30/2020,GR18 X GR13,MCR,B03,Inventory_3,3/23/2021,7,757,7.54
2020,7/30/2020,GR18 X GR13,MCR,B25,Inventory_3,3/23/2021,7,327,7.55
2020,7/30/2020,GR18 X GR13,MCR,B30,Inventory_3,3/23/2021,7,1241,7.46
2020,7/30/2020,GR18 X GR13,MCR,C10,Inventory_3,3/23/2021,7,165,5.57
2020,7/30/2020,GR18 X GR17,MCR,B19,Inventory_3,3/23/2021,7,340,6.99
2020,7/30/2020,GR18 X OR48,MCR,B35,Inventory_3,3/24/2021,7,550,5.138
2020,7/30/2020,GR18 X OR48,MCR,B38,Inventory_3,3/24/2021,7,400,6.533
2020,7/30/2020,GR18 X GR24,MCR,C38,Inventory_3,3/22/2021,7,1038,5.569
2020,7/30/2020,GR18 X GR24,MCR,C32,Inventory_3,3/22/2021,7,310,9.869
2020,7/30/2020,GR18 X GR24,MCR,B12,Inventory_3,3/22/2021,7,1250,5.207
2020,7/30/2020,GR18 X OR87,MCR,B22,Inventory_3,3/24/2021,7,622,5.02
2020,7/30/2020,GR18 X OR87,MCR,C24,Inventory_3,3/24/2021,7,181,4.97
2020,7/30/2020,GR18 X OR87,MCR,C28,Inventory_3,3/24/2021,7,180,5.19
2020,7/30/2020,GR18 X OR91,MCR,B34,Inventory_3,3/24/2021,7,553,5.203
2020,7/30/2020,GR18 X OR95,MCR,B17,Inventory_3,3/24/2021,7,326,6
2020,7/30/2020,GR18 X OR95,MCR,B37,Inventory_3,3/24/2021,7,550,5.66
2020,7/30/2020,GR18 X OR95,MCR,C20,Inventory_3,3/24/2021,7,45,4.59
2020,7/30/2020,GR18 X OR95,MCR,C33,Inventory_3,3/24/2021,7,500,5.82
2020,7/30/2020,GR26 X GR13,MCR,C27,Inventory_3,3/24/2021,7,200,6.969
2020,7/30/2020,GR26 X GR13,MCR,C34,Inventory_3,3/24/2021,7,610,4.846
2020,7/30/2020,GR26 X GR13,MCR,C37,Inventory_3,3/24/2021,7,340,4.81
2020,7/30/2020,GR26 X OR48,MCR,C22,Inventory_3,3/24/2021,7,255,8.819
2020,8/13/2020,GR23 X GR25,MCR,B39,Inventory_2,3/29/2021,7,810,3.88
2020,8/13/2020,GR23 X OR44,MCR,C40,Inventory_2,3/29/2021,7,803,5.047
2020,8/13/2020,GR23 X OR46,MCR,B31,Inventory_2,3/29/2021,7,653,5.73
2020,8/13/2020,GR23 X OR46,MCR,D03,Inventory_2,3/29/2021,7,915,4.1
2020,8/13/2020,GR23 X OR46,MCR,D12,Inventory_2,3/29/2021,7,409,4.5
2020,8/13/2020,GR23 x OR85,MCR,B26,Inventory_2,3/29/2021,7,252,5.713
2020,8/13/2020,GR23 x OR85,MCR,C11,Inventory_2,3/29/2021,7,318,5.067
2020,8/13/2020,GR23 x OR86,MCR,B23,Inventory_2,3/29/2021,7,881,6.107
2020,8/13/2020,GR23 x OR86,MCR,D01,Inventory_2,3/29/2021,7,636,4.173
2020,8/13/2020,GR23 X OR87,MCR,B32,Inventory_2,3/29/2021,7,556,4.62
2020,8/13/2020,GR23 X OR87,MCR,D02,Inventory_2,3/29/2021,7,402,4.293
2020,8/13/2020,GR23 X GR25,MCR,C12,Inventory_2,3/29/2021,7,172,7.553
2020,8/13/2020,GR23 X OR44,MCR,C15,Inventory_2,3/29/2021,7,83,5.813
2021,5/19/2021,GR22 X OR52,MCR,B10,Inventory_0,5/19/2021,0,6400,0
2021,5/19/2021,GR22 X GR20,MCR,B37,Inventory_0,5/19/2021,0,4200,0
2021,5/19/2021,GR38 X OR52,MCR,C33,Inventory_0,5/19/2021,0,15000,0
2021,5/19/2021,GR38 X OR52,MCR,B15,Inventory_0,5/19/2021,0,15000,0
2021,5/19/2021,GR38 X OR52,MCR,B07,Inventory_0,5/19/2021,0,15000,0
2021,5/19/2021,GR38 X OR52,MCR,B09,Inventory_0,5/19/2021,0,15000,0
2021,5/19/2021,GR38 X GR20,MCR,C22,Inventory_0,5/19/2021,0,15000,0
2021,5/19/2021,GR38 X GR20,MCR,B02,Inventory_0,5/19/2021,0,15000,0
2021,5/19/2021,GR38 X GR20,MCR,C32,Inventory_0,5/19/2021,0,15000,0
2021,5/19/2021,GR38 X GR20,MCR,B35,Inventory_0,5/19/2021,0,15000,0
2021,5/19/2021,GR19 X GR20,MCR,C26,Inventory_0,5/19/2021,0,15000,0
2021,5/19/2021,GR19 X GR20,MCR,C31,Inventory_0,5/19/2021,0,15000,0
2021,5/19/2021,GR19 X GR20,MCR,B38,Inventory_0,5/19/2021,0,15000,0
2021,5/19/2021,GR19 X GR20,MCR,B16,Inventory_0,5/19/2021,0,15000,0
2021,5/19/2021,GR19 X OR52,MCR,B14,Inventory_0,5/19/2021,0,15000,0
2021,5/19/2021,GR19 X OR52,MCR,B03,Inventory_0,5/19/2021,0,15000,0
2021,5/19/2021,GR19 X OR52,MCR,B11,Inventory_0,5/19/2021,0,15000,0
2021,5/19/2021,GR19 X OR52,MCR,B40,Inventory_0,5/19/2021,0,15000,0
2021,6/2/2021,GR26 X OR60,MCR,B04,Inventory_0,6/2/2021,0,15000,0
2021,6/2/2021,GR26 X OR60,MCR,B26,Inventory_0,6/2/2021,0,15000,0
2021,6/2/2021,GR26 X OR60,MCR,B21,Inventory_0,6/2/2021,0,15000,0
2021,6/2/2021,GR26 X OR97,MCR,B13,Inventory_0,6/2/2021,0,15000,0
2021,6/2/2021,GR26 X OR97,MCR,C25,Inventory_0,6/2/2021,0,15000,0
2021,6/2/2021,GR26 X OR97,MCR,C34,Inventory_0,6/2/2021,0,15000,0
2021,6/2/2021,GR26 X GR11,MCR,B06,Inventory_0,6/2/2021,0,13200,0
2021,6/2/2021,GR26 X GR11,MCR,C21,Inventory_0,6/2/2021,0,13200,0
2021,6/2/2021,GR26 X GR11,MCR,B29,Inventory_0,6/2/2021,0,13200,0
2021,6/2/2021,GR26 X GR05,MCR,B08,Inventory_0,6/2/2021,0,16800,0
2021,6/2/2021,GR26 X GR05,MCR,B33,Inventory_0,6/2/2021,0,16800,0
2021,6/2/2021,GR26 X GR05,MCR,C23,Inventory_0,6/2/2021,0,16800,0
2021,6/2/2021,GR26 X OR60,MCR,B31,Inventory_0,6/2/2021,0,15000,0
2021,6/2/2021,GR26 X OR97,MCR,C24,Inventory_0,6/2/2021,0,15000,0
2021,6/2/2021,GR26 X GR11,MCR,B23,Inventory_0,6/2/2021,0,13200,0
2021,6/16/2021,GR41 X GR35,MCR,C39,Inventory_0,6/16/2021,0,15000,0
2021,6/16/2021,GR41 X GR35,MCR,B01,Inventory_0,6/16/2021,0,15000,0
2021,6/16/2021,GR41 X GR46,MCR,C29,Inventory_0,6/16/2021,0,12900,0
2021,6/16/2021,GR38 X GR46,MCR,B24,Inventory_0,6/16/2021,0,15000,0
2021,6/16/2021,GR38 X GR46,MCR,B28,Inventory_0,6/16/2021,0,15000,0
2021,6/16/2021,GR38 X GR46,MCR,B22,Inventory_0,6/16/2021,0,15000,0
2021,6/16/2021,GR38 X GR49,MCR,B39,Inventory_0,6/16/2021,0,15000,0
2021,6/16/2021,GR38 X GR49,MCR,B19,Inventory_0,6/16/2021,0,15000,0
2021,6/16/2021,GR38 X GR49,MCR,C37,Inventory_0,6/16/2021,0,15000,0
2021,6/16/2021,GR41 X GR46,MCR,B12,Inventory_0,6/16/2021,0,12900,0
2021,6/16/2021,GR41 X GR46,MCR,C35,Inventory_0,6/16/2021,0,12900,0
2021,6/16/2021,GR41 X GR46,MCR,B30,Inventory_0,6/16/2021,0,12900,0
2021,6/16/2021,GR38 X GR35,MCR,C40,Inventory_0,6/16/2021,0,15000,0
2021,6/16/2021,GR38 X GR35,MCR,B34,Inventory_0,6/16/2021,0,15000,0
2021,6/16/2021,GR38 X GR35,MCR,B27,Inventory_0,6/16/2021,0,15000,0
2021,6/16/2021,GR41 X GR49,MCR,C27,Inventory_0,6/16/2021,0,13800,0
2021,6/16/2021,GR41 X GR49,MCR,B18,Inventory_0,6/16/2021,0,13800,0
2021,6/16/2021,GR41 X GR49,MCR,B32,Inventory_0,6/16/2021,0,13800,0
2021,6/16/2021,GR41 X GR43,MCR,C38,Inventory_0,6/16/2021,0,7600,0
2021,6/16/2021,GR41 X GR35,SA,3G,Inventory_0,6/16/2021,0,15000,0
2021,6/16/2021,GR38 X GR46,SA,4F,Inventory_0,6/16/2021,0,15000,0
2021,6/16/2021,GR38 X GR46,SA,4G,Inventory_0,6/16/2021,0,15000,0
2021,6/16/2021,GR41 X GR46,SA,4A,Inventory_0,6/16/2021,0,15000,0
2021,6/16/2021,GR41 X GR46,SA,4B,Inventory_0,6/16/2021,0,15000,0
2021,6/16/2021,GR38 X GR35,SA,4D,Inventory_0,6/16/2021,0,15000,0
2021,6/16/2021,GR38 X GR35,SA,4E,Inventory_0,6/16/2021,0,15000,0
2021,6/16/2021,GR38 X GR49,SA,4I,Inventory_0,6/16/2021,0,15000,0
2021,6/16/2021,GR38 X GR49,SA,4J,Inventory_0,6/16/2021,0,15000,0
2021,6/16/2021,GR41 X GR49,SA,3H,Inventory_0,6/16/2021,0,15000,0
2021,6/16/2021,GR41 X GR49,SA,3I,Inventory_0,6/16/2021,0,15000,0
2021,6/16/2021,GR41 X GR49,SA,3J,Inventory_0,6/16/2021,0,15000,0
2021,5/19/2021,GR19 X GR20,MCR,C26,Inventory_1,9/7/2021,3,2,3.5
2021,5/19/2021,GR19 X GR20,MCR,C31,Inventory_1,9/7/2021,3,20,3.5
2021,5/19/2021,GR19 X GR20,MCR,B16,Inventory_1,9/7/2021,3,26,2.5
2021,5/19/2021,GR19 X GR20,MCR,B38,Inventory_1,9/7/2021,3,18,3.5
2021,5/19/2021,GR19 X OR52,MCR,B03,Inventory_1,9/7/2021,3,1,3.5
2021,5/19/2021,GR19 X OR52,MCR,B11,Inventory_1,9/7/2021,3,15,3.9
2021,5/19/2021,GR19 X OR52,MCR,B14,Inventory_1,9/7/2021,3,101,3.75
2021,5/19/2021,GR19 X OR52,MCR,B40,Inventory_1,9/7/2021,3,2,4
2021,5/19/2021,GR38 X GR20,MCR,B02,Inventory_1,9/7/2021,3,7,3.967
2021,5/19/2021,GR38 X GR20,MCR,B35,Inventory_1,9/7/2021,3,1,4
2021,5/19/2021,GR38 X GR20,MCR,C22,Inventory_1,9/7/2021,3,7,3.75
2021,5/19/2021,GR38 X GR20,MCR,C32,Inventory_1,9/7/2021,3,5,4
2021,5/19/2021,GR38 X OR52,MCR,B07,Inventory_1,9/7/2021,3,46,4.25
2021,5/19/2021,GR38 X OR52,MCR,B09,Inventory_1,9/7/2021,3,23,4.5
2021,5/19/2021,GR38 X OR52,MCR,B15,Inventory_1,9/7/2021,3,28,4
2021,5/19/2021,GR38 X OR52,MCR,C33,Inventory_1,9/7/2021,3,8,4.5
2021,5/19/2021,GR22 X GR20,MCR,B37,Inventory_1,9/8/2021,3,11,4.4
2021,5/19/2021,GR22 X OR52,MCR,B10,Inventory_1,9/8/2021,3,2,4.25
2021,6/2/2021,GR26 X GR05,MCR,B08,Inventory_1,9/8/2021,3,2,3.75
2021,6/2/2021,GR26 X GR05,MCR,B23,Inventory_1,9/8/2021,3,26,2.75
2021,6/2/2021,GR26 X GR11,MCR,B06,Inventory_1,9/8/2021,3,21,4
2021,6/2/2021,GR26 X GR11,MCR,B23,Inventory_1,9/8/2021,3,61,3
2021,6/2/2021,GR26 X GR11,MCR,B29,Inventory_1,9/8/2021,3,15,3.2
2021,6/2/2021,GR26 X GR11,MCR,C21,Inventory_1,9/8/2021,3,4,3.25
2021,6/2/2021,GR26 X OR60,MCR,B04,Inventory_1,9/8/2021,3,19,3.5
2021,6/2/2021,GR26 X OR60,MCR,B21,Inventory_1,9/8/2021,3,12,3.2
2021,6/2/2021,GR26 X OR60,MCR,B26,Inventory_1,9/8/2021,3,2,2.5
2021,6/2/2021,GR26 X OR60,MCR,B31,Inventory_1,9/8/2021,3,4,2.5
2021,6/2/2021,GR26 X OR97,MCR,B13,Inventory_1,9/9/2021,3,14,3
2021,6/2/2021,GR26 X OR97,MCR,C24,Inventory_1,9/9/2021,3,2,2.75
2021,6/2/2021,GR26 X OR97,MCR,C25,Inventory_1,9/9/2021,3,351,4
2021,6/2/2021,GR26 X OR97,MCR,C34,Inventory_1,9/9/2021,3,6,3.25
2021,7/14/2021,GR51 X OR33,SA,3C,Inventory_0,7/14/2021,0,15000,0
2021,7/14/2021,GR51 X OR33,SA,3D,Inventory_0,7/14/2021,0,15000,0
2021,7/14/2021,GR51 X OR87,SA,3A,Inventory_0,7/14/2021,0,15000,0
2021,7/14/2021,GR51 X OR87,SA,3B,Inventory_0,7/14/2021,0,15000,0
2021,7/14/2021,GR51 X OR29,SA,3E,Inventory_0,7/14/2021,0,15000,0
2021,7/14/2021,GR51 X OR29,SA,3F,Inventory_0,7/14/2021,0,15000,0
2021,7/14/2021,GR51 X OR33,MCR,D05,Inventory_0,7/14/2021,0,15000,0
2021,7/14/2021,GR51 X OR33,MCR,D09,Inventory_0,7/14/2021,0,15000,0
2021,7/14/2021,GR51 X OR87,MCR,D15,Inventory_0,7/14/2021,0,24000,0
2021,7/14/2021,GR51 X OR87,MCR,D08,Inventory_0,7/14/2021,0,24000,0
2021,7/14/2021,GR51 X OR29,MCR,D10,Inventory_0,7/14/2021,0,15000,0
2021,7/14/2021,GR51 X OR29,MCR,D17,Inventory_0,7/14/2021,0,15000,0
2021,7/14/2021,GR51 X GR12,MCR,C30,Inventory_0,7/14/2021,0,15000,0
2021,7/14/2021,GR51 X GR12,MCR,D12,Inventory_0,7/14/2021,0,15000,0
2021,7/14/2021,GR51 X GR12,MCR,D02,Inventory_0,7/14/2021,0,15000,0
2021,7/14/2021,GR51 X GR12,MCR,B25,Inventory_0,7/14/2021,0,15000,0
2021,7/14/2021,GR26 X OR57,MCR,D11,Inventory_0,7/14/2021,0,11200,0
2021,7/14/2021,GR26 X OR95,MCR,C28,Inventory_0,7/14/2021,0,17600,0
2021,7/14/2021,GR37 X OR57,MCR,D18,Inventory_0,7/14/2021,0,2800,0
2021,7/14/2021,GR26 X OR87,MCR,D13,Inventory_0,7/14/2021,0,18800,0
2021,7/14/2021,GR51 X OR57,MCR,B17,Inventory_0,7/14/2021,0,15000,0
2021,7/14/2021,GR51 X OR57,MCR,D14,Inventory_0,7/14/2021,0,15000,0
2021,7/14/2021,GR51 X OR57,MCR,C36,Inventory_0,7/14/2021,0,15000,0
2021,7/14/2021,GR51 X OR57,MCR,D06,Inventory_0,7/14/2021,0,15000,0
2021,7/14/2021,GR51 X OR95,MCR,D16,Inventory_0,7/14/2021,0,15000,0
2021,7/14/2021,GR51 X OR95,MCR,D07,Inventory_0,7/14/2021,0,15000,0
2021,7/14/2021,GR51 X OR95,MCR,B20,Inventory_0,7/14/2021,0,15000,0
2021,7/14/2021,GR51 X OR95,MCR,D03,Inventory_0,7/14/2021,0,15000,0
2021,7/14/2021,GR51 X OR95,MCR,D01,Inventory_0,7/14/2021,0,15000,0
2021,7/14/2021,GR51 X OR87,MCR,C19,Inventory_0,7/14/2021,0,15000,0
2021,7/14/2021,GR51 X OR87,MCR,B05,Inventory_0,7/14/2021,0,15000,0
2021,6/16/2021,GR38 X GR35,MCR,B27,Inventory_1,7/28/2021,1,5,4.3
2021,6/16/2021,GR38 X GR35,MCR,C40,Inventory_1,7/28/2021,1,34,4.2
2021,6/16/2021,GR38 X GR35,MCR,B34,Inventory_1,7/28/2021,1,122,4.46
2021,6/16/2021,GR38 X GR46,MCR,B22,Inventory_1,7/28/2021,1,9,3.125
2021,6/16/2021,GR38 X GR46,MCR,B24,Inventory_1,7/28/2021,1,16,4.333
2021,6/16/2021,GR38 X GR46,MCR,B28,Inventory_1,7/28/2021,1,2,3.6
2021,6/16/2021,GR38 X GR49,MCR,B19,Inventory_1,7/28/2021,1,13,4.4
2021,6/16/2021,GR41 X GR35,MCR,B01,Inventory_1,7/28/2021,1,9,4.033
2021,6/16/2021,GR41 X GR35,MCR,C39,Inventory_1,7/28/2021,1,7,3.833
2021,6/16/2021,GR41 X GR46,MCR,B12,Inventory_1,7/28/2021,1,22,3.8
2021,6/16/2021,GR41 X GR46,MCR,B30,Inventory_1,7/28/2021,1,18,3.16
2021,6/16/2021,GR41 X GR46,MCR,C29,Inventory_1,7/28/2021,1,2,3.1
2021,6/16/2021,GR38 X GR49,MCR,B39,Inventory_1,7/28/2021,1,500,3.5
2021,6/16/2021,GR38 X GR49,MCR,C37,Inventory_1,7/28/2021,1,500,3.5
2021,6/30/2021,"GR52 X OR91, GR32",MCR,B36,Inventory_0,6/30/2021,0,6051,0
2021,6/16/2021,GR41 X GR49,MCR,B32,Inventory_1,9/29/2021,3,23,5
2021,6/16/2021,GR41 X GR49,MCR,C27,Inventory_1,9/29/2021,3,3,4.1
2021,6/30/2021,"GR52 X OR91, GR32",MCR,B36,Inventory_1,9/29/2021,3,7,3.367
2021,6/16/2021,GR41 X GR43,MCR,C38,Inventory_1,9/29/2021,3,350,5.1
2021,5/19/2021,GR19 X GR20,MCR,C26,Inventory_2,11/18/2021,5,72,11.238
2021,5/19/2021,"GR22 X GR20, OR52",MCR,C32,Inventory_2,11/18/2021,5,13,13.869
2021,5/19/2021,GR19 X OR52,MCR,C31,Inventory_2,11/18/2021,5,90,10.852
2021,5/19/2021,"GR38 X GR20, OR52",MCR,B38,Inventory_2,11/18/2021,5,104,10.141
2021,6/2/2021,"GR26 X GR05, GR11, OR60",MCR,C33,Inventory_2,11/18/2021,5,156,9.159
2021,6/2/2021,GR26 X OR97,MCR,C25,Inventory_2,11/18/2021,5,365,8.479
2021,6/16/2021,GR38 X GR35,MCR,B34,Inventory_2,12/22/2021,6,145,12.243
2021,6/16/2021,GR38 X GR49,MCR,B39,Inventory_2,12/22/2021,6,954,6.38
2021,6/16/2021,GR38 X GR49,MCR,C37,Inventory_2,12/22/2021,6,445,8.372
2021,6/16/2021,GR41 X GR43,MCR,C38,Inventory_2,12/22/2021,6,397,10.52
2021,6/16/2021,GR38 X GR46,MCR,B31,Inventory_2,12/22/2021,6,23,11.475
2021,6/16/2021,"GR41 X GR35, GR46, GR49",MCR,C23,Inventory_2,12/22/2021,6,62,9.727
2021,7/14/2021,GR26 X OR57,MCR,D11,Inventory_1,12/29/2021,5,2,5.7
2021,7/14/2021,GR26 X OR87,MCR,D13,Inventory_1,12/29/2021,5,15,8.41
2021,7/14/2021,GR26 X OR95,MCR,C28,Inventory_1,12/29/2021,5,5,6.117
2021,7/14/2021,GR37 X OR57,MCR,D18,Inventory_1,12/29/2021,5,29,8.7
2021,7/14/2021,GR51 X GR12,MCR,B25,Inventory_1,12/28/2021,5,116,6.86
2021,7/14/2021,GR51 X GR12,MCR,C30,Inventory_1,12/28/2021,5,12,8.02
2021,7/14/2021,GR51 X GR12,MCR,D12,Inventory_1,12/28/2021,5,23,4.36
2021,7/14/2021,GR51 X GR12,MCR,D02,Inventory_1,12/28/2021,5,24,4.36
2021,7/14/2021,GR51 X OR29,MCR,D10,Inventory_1,12/28/2021,5,1000,4.66
2021,7/14/2021,GR51 X OR29,MCR,D17,Inventory_1,12/28/2021,5,1000,5.66
2021,7/14/2021,GR51 X OR33,MCR,D05,Inventory_1,12/28/2021,5,28,5.4
2021,7/14/2021,GR51 X OR33,MCR,D09,Inventory_1,12/28/2021,5,2,4.85
2021,7/14/2021,GR51 X OR57,MCR,B17,Inventory_1,12/28/2021,5,159,7.033
2021,7/14/2021,GR51 X OR57,MCR,C36,Inventory_1,12/28/2021,5,2,8
2021,7/14/2021,GR51 X OR57,MCR,D06,Inventory_1,12/28/2021,5,23,6.62
2021,7/14/2021,GR51 X OR57,MCR,D14,Inventory_1,12/28/2021,5,16,8.12
2021,7/14/2021,GR51 X OR87,MCR,C19,Inventory_1,12/28/2021,5,90,7.08
2021,7/14/2021,GR51 X OR87,MCR,D08,Inventory_1,12/28/2021,5,22,4.6
2021,7/14/2021,GR51 X OR87,MCR,D15,Inventory_1,12/28/2021,5,21,6.98
2021,7/14/2021,GR51 X OR95,MCR,B20,Inventory_1,12/28/2021,5,43,9.42
2021,7/14/2021,GR51 X OR95,MCR,D01,Inventory_1,12/28/2021,5,35,6.16
2021,7/14/2021,GR51 X OR95,MCR,D03,Inventory_1,12/28/2021,5,8,5.12
2021,7/14/2021,GR51 X OR95,MCR,D07,Inventory_1,12/28/2021,5,12,6.02
2021,7/14/2021,GR51 X OR95,MCR,D16,Inventory_1,12/28/2021,5,213,7.3
2021,7/14/2021,GR51 X OR87  (Mixed 2020),MCR,B05,Inventory_1,1/4/2022,5,71,4.61
2021,6/2/2021,GR26 X OR97,MCR,C25,,1/4/2022,7,327,10.4
2021,5/19/2021,GR19 X GR20,MCR,C26,,1/4/2022,7,72,14.147
2021,5/19/2021,GR19 X OR52,MCR,C31,,1/4/2022,7,94,14.747
2021,5/19/2021,"GR38 X GR20, OR52",MCR,B38,,1/4/2022,7,96,13.507
2021,5/19/2021,"GR22 X GR20, OR52",MCR,C32,,1/4/2022,7,14,17.486
2021,6/2/2021,"GR26 X GR05, GR11, OR60",MCR,C33,,1/4/2022,7,148,12.953
2021,5/19/2021,GR19 X OR52,MCR,C31,Inventory_4,2/17/2022,8,91,15.863
2021,6/16/2021,GR38 X GR46,MCR,B31,Inventory_4,2/17/2022,8,18,16.44
2021,5/19/2021,"GR22 X GR20, OR52",MCR,C32,Inventory_4,2/17/2022,8,11,23.07
2021,6/2/2021,"GR26 X GR05, GR11, OR60",MCR,C33,Inventory_4,2/17/2022,8,139,16.08
2021,6/16/2021,"GR41 X GR35, GR46, GR49",MCR,C23,Inventory_4,2/17/2022,8,71,11.32
2021,7/14/2021,GR51 X OR57,MCR,C35,Inventory_4,2/17/2022,7,182,10.18
2021,6/2/2021,GR26 X OR97,MCR,C25,Inventory_4,2/17/2022,8,308,12.66
2021,6/16/2021,GR38 X GR35,MCR,B34,Inventory_4,2/18/2022,8,136,16.26
2021,7/14/2021,GR51 X OR87,MCR,B36,Inventory_4,2/17/2022,7,33,12.37
2021,5/19/2021,GR19 X GR20,MCR,C26,Inventory_4,2/17/2022,8,67,18.02
2021,6/16/2021,GR38 X GR49,MCR,C37,Inventory_4,2/17/2022,8,350,7.01
2021,6/16/2021,GR41 X GR43,MCR,C38,Inventory_4,2/17/2022,8,304,12.95
2021,7/14/2021,"GR26, GR37 X OR57, OR87, OR95",MCR,C28,Inventory_4,2/17/2022,7,46,12.74
2021,7/14/2021,GR51 X OR95,MCR,C39,Inventory_4,2/17/2022,7,205,10.213
2021,7/14/2021,GR51 X OR29,MCR,C40,Inventory_4,2/17/2022,7,218,10.01
2021,7/14/2021,GR51 X GR12,MCR,C30,Inventory_4,2/17/2022,7,168,9.45
2021,5/19/2021,"GR38 X GR20, OR52",MCR,B38,Inventory_4,2/17/2022,8,88,19.89
2021,6/16/2021,GR38 X GR49,MCR,B39,Inventory_4,2/17/2022,8,1000,10.03
2021,7/14/2021,GR51 X OR33,MCR,D05,Inventory_4,2/17/2022,7,28,6.705
2021,7/14/2021,GR51 X OR95,MCR,B40,Inventory_4,2/17/2022,7,96,13.02
2021,7/14/2021,GR51 X OR29,MCR,D10,Inventory_4,2/17/2022,7,400,3.73
2021,7/14/2021,GR51 X OR29,MCR,D17,Inventory_4,2/17/2022,7,600,5.57
2021,7/14/2021,GR51 X OR87,MCR,C19,Inventory_4,2/17/2022,7,91,9.94
2019,6/6/2019,GR03 X GR11,,C23,06 Inventory_4,4/30/2020,10,93,21.32
2019,6/18/2019,GR14 X OR29,,B11,06 Inventory_4,5/6/2020,10,72,14.89
2019,6/18/2019,GR14 X OR29,,B13,06 Inventory_4,5/6/2020,10,110,14.87
2019,6/18/2019,GR14 X OR29,,B14,06 Inventory_4,5/6/2020,10,99,13.86
2019,6/18/2019,GR14 X OR29,,B15,06 Inventory_4,5/6/2020,10,138,14.47
2019,6/18/2019,GR14 X OR50,,B30,06 Inventory_4,5/6/2020,10,206,17.73
2019,6/18/2019,GR14 X OR55,,C32,06 Inventory_4,5/6/2020,10,221,18.49
2019,7/3/2019,Joyride_Mixed 2019,,C08,06 Inventory_4,5/12/2020,10,103,13.49
2019,7/3/2019,OR65 X GR08,,B06,06 Inventory_4,5/8/2020,10,112,13.14
2019,7/3/2019,OR65 X GR08,,B08,06 Inventory_4,5/8/2020,10,130,9.36
2019,7/3/2019,OR67 X GR08,,B03,06 Inventory_4,5/8/2020,10,592,14.47
2019,7/3/2019,OR67 X GR08,,B04,06 Inventory_4,5/8/2020,10,184,6.69
2019,6/6/2019,OR88 X GR05,,C28,06 Inventory_4,5/2/2020,10,246,16.26
2019,5/30/2019,OR94 x GR09,,B25,06 Inventory_4,4/30/2020,11,127,20.53
2019,5/30/2019,OR94 X OR85,,B34,06 Inventory_4,4/30/2020,11,94,19.97
2019,5/30/2019,OR94 X OR97,,B22,06 Inventory_4,4/30/2020,11,91,19.34
2019,7/3/2019,OR96 X GR08,,B17,06 Inventory_4,5/12/2020,10,290,9.58
2019,7/3/2019,OR96 X GR08,,B19,06 Inventory_4,5/12/2020,10,492,8.65
2019,6/6/2019,OR98 X OR87,,B29,06 Inventory_4,5/6/2020,11,71,13.76
2019,6/6/2019,OR98 X OR87,,C24,06 Inventory_4,5/6/2020,11,50,8.62
2019,5/30/2019,OR94 x GR09,,B24,05 Outplant,4/30/2020,11,43,21.71
2019,5/30/2019,OR94 x GR09,,B25,05 Outplant,4/30/2020,11,43,19.34
2019,5/30/2019,OR94 X OR85,,B34,05 Outplant,4/30/2020,11,38,20.03
2019,5/30/2019,OR94 X OR85,,C21,05 Outplant,4/30/2020,11,37,19.95
2019,5/30/2019,OR94 X OR97,,B18,05 Outplant,4/30/2020,11,30,17.26
2019,5/30/2019,OR94 X OR97,,B22,05 Outplant,4/30/2020,11,31,21.42
2019,6/6/2019,GR03 X GR11,,C22,05 Outplant,4/30/2020,10,41,17.71
2019,6/6/2019,GR03 X GR11,,C34,05 Outplant,4/30/2020,10,22,24.92
2019,6/6/2019,GR03 X GR08,,C23,05 Outplant,4/30/2020,10,13,16.68
2019,6/6/2019,GR03 X GR08,,C33,05 Outplant,4/30/2020,10,43,22.97
2019,6/18/2019,GR14 X OR29,,B30,05 Outplant,5/6/2020,10,73,14.88
2019,6/18/2019,GR14 X OR29,,B11,05 Outplant,5/6/2020,10,73,15.2
2019,6/18/2019,GR14 X OR29,,B13,05 Outplant,5/6/2020,10,76,15.1
2019,6/18/2019,GR14 X OR29,,B14,05 Outplant,5/6/2020,10,83,14.53
2019,6/18/2019,GR14 X OR29,,B15,05 Outplant,5/6/2020,10,73,15.28
2019,6/18/2019,GR14 X OR50,,C30,05 Outplant,5/6/2020,10,48,17.33
2019,6/18/2019,GR14 X OR50,,C29,05 Outplant,5/6/2020,10,48,18.41
2019,6/18/2019,GR14 X OR50,,C26,05 Outplant,5/6/2020,10,48,17.44
2019,6/18/2019,GR14 X OR55,,B39,05 Outplant,5/6/2020,10,68,17.07
2019,6/18/2019,GR14 X OR55,,B40,05 Outplant,5/6/2020,10,68,19.91
2019,6/6/2019,OR88 X GR05,,C28,05 Outplant,5/2/2020,10,95,16.26
2019,6/6/2019,OR88 X GR05,,C35,05 Outplant,5/2/2020,10,96,13.47
2019,6/6/2019,OR93 X GR11,,C25,05 Outplant,5/2/2020,10,30,23.6
2019,6/6/2019,OR98 X GR05,,B28,05 Outplant,5/2/2020,10,27,23.12
2019,6/6/2019,OR98 X GR05,,B37,05 Outplant,5/2/2020,10,66,19.71
2019,9/10/2019,GR14 X OR57,,B06,05 Outplant,5/13/2020,8,33,8.42
2019,9/10/2019,GR14 X OR57,,D12,05 Outplant,5/13/2020,8,33,8.1
2019,7/3/2019,OR65 X GR08,,B06,05 Outplant,5/8/2020,10,85,13.14
2019,7/3/2019,OR65 X GR08,,B08,05 Outplant,5/8/2020,10,84,9.36
2019,7/3/2019,"OR65, OR62, OR67 X GR05",,B10,05 Outplant,5/8/2020,10,65,15.06
2019,7/3/2019,OR67 X GR08,,B01,05 Outplant,5/8/2020,10,141,7.88
2019,7/3/2019,OR67 X GR08,,B02,05 Outplant,5/8/2020,10,177,11.99
2019,7/3/2019,OR67 X GR08,,B04,05 Outplant,5/8/2020,10,216,6.69
2019,7/3/2019,OR96 X GR05,,B09,05 Outplant,5/8/2020,10,75,13.21
2019,7/3/2019,OR96 X GR08,,B16,05 Outplant,5/12/2020,10,177,11.99
2019,7/3/2019,OR96 X GR08,,B17,05 Outplant,5/12/2020,10,186,9.58
2019,7/3/2019,OR96 X GR08,,B19,05 Outplant,5/12/2020,10,182,8.65
2019,8/21/2019,OR94 X GR12,,B38,05 Outplant,5/12/2020,8,64,10.07
2019,8/21/2019,OR94 X GR12,,B35,05 Outplant,5/12/2020,8,65,13.88
2019,9/10/2019,OR68 X OR45,,B12,05 Outplant,5/13/2020,8,20,10.59
2019,6/6/2019,OR92 X GR08,,C31,05 Outplant,4/30/2020,10,74,22.47
2019,6/6/2019,OR92 X GR08,,C32,05 Outplant,4/30/2020,10,22,19.87
2019,8/21/2019,OR94 X OR74,,C39,05 Outplant,5/13/2020,8,42,9.81
2019,8/21/2019,OR94 X OR87,,B33,05 Outplant,5/13/2020,8,25,12.85
2019,6/6/2019,OR98 X OR87,,B29,05 Outplant,5/6/2020,11,42,13.76
2019,6/6/2019,OR98 X OR87,,C24,05 Outplant,5/6/2020,11,43,8.62
2019,6/6/2019,OR98 X OR95,,B27,05 Outplant,5/6/2020,11,11,15.55
2019,8/21/2019,OR94 X OR87,,B05,05 Outplant,5/13/2020,8,72,8.59
2020,7/30/2020,GR18 X OR48,MCR,B35,05 Outplant,4/9/2021,8,220,5.84
2020,7/30/2020,GR18 X OR48,MCR,B38,05 Outplant,4/9/2021,8,350,5.84
2020,6/11/2020,GR26 X GR17,MCR,1,05 Outplant,4/9/2021,9,200,4.22
2020,6/11/2020,"GR26 X GR17, GR24",MCR,2,05 Outplant,4/9/2021,9,501,6.81
2020,6/11/2020,GR26 X GR24,MCR,3,05 Outplant,4/9/2021,9,374,7.81
2020,6/11/2020,GR26 X OR14,MCR,4,05 Outplant,4/9/2021,9,400,7.91
2020,6/11/2020,GR26 X OR44,MCR,5,05 Outplant,4/9/2021,9,300,4.82
2020,7/9/2020,GR16 X GR07,MCR,6,05 Outplant,4/9/2021,9,456,7.38
2020,7/9/2020,GR27 X GR07,MCR,7,05 Outplant,4/9/2021,9,600,6.1
2020,7/9/2020,GR27 X GR09,MCR,8,05 Outplant,4/9/2021,9,503,6.74
2020,7/9/2020,GR27 X GR11,MCR,9,05 Outplant,4/9/2021,9,61,4.53
2020,7/9/2020,GR27 X GR12,MCR,10,05 Outplant,4/9/2021,9,352,4.87
2020,7/9/2020,GR27 X OR50,MCR,11,05 Outplant,4/9/2021,9,500,5.33
2020,7/9/2020,GR28 X OR50,MCR,12,05 Outplant,4/9/2021,9,139,9.34
2020,6/25/2020,GR02 X OR91,MCR,13,05 Outplant,4/9/2021,9,140,5.97
2020,7/30/2020,GR18 X GR13,MCR,14,05 Outplant,4/9/2021,8,602,7.03
2020,7/30/2020,GR18 X GR17,MCR,15,05 Outplant,4/9/2021,8,169,7.14
2020,7/30/2020,GR18 X GR24,MCR,16,05 Outplant,4/9/2021,8,601,6.83
2020,7/30/2020,GR18 X OR87,MCR,17,05 Outplant,4/9/2021,8,170,5.06
2020,7/30/2020,GR18 X OR91,MCR,18,05 Outplant,4/9/2021,8,153,5.17
2020,7/30/2020,GR18 X OR95,MCR,19,05 Outplant,4/9/2021,8,520,5.36
2020,7/30/2020,GR26 X GR13,MCR,20,05 Outplant,4/9/2021,8,304,5.51
2020,7/30/2020,GR26 X OR48,MCR,21,05 Outplant,4/9/2021,8,220,8.82
2020,8/13/2020,GR23 X GR25,MCR,22,05 Outplant,4/9/2021,7,170,5.72
2020,8/13/2020,GR23 X OR44,MCR,23,05 Outplant,4/9/2021,7,59,5.43
2020,8/13/2020,GR23 x OR85,MCR,24,05 Outplant,4/9/2021,7,150,5.39
2020,7/30/2020,GR18 X OR48,MCR,B35,06 Inventory_4,4/9/2021,8,400,5.84
2020,7/30/2020,GR18 X OR48,MCR,B38,06 Inventory_4,4/9/2021,8,150,5.84
2020,7/30/2020,GR18 X OR48,MCR,C09,06 Inventory_4,4/9/2021,8,124,5.84
2020,6/11/2020,GR26 X OR44,MCR,B28,06 Inventory_4,4/9/2021,9,1000,4.82
2020,7/9/2020,GR27 X GR09,MCR,B36,06 Inventory_4,4/9/2021,9,581,6.74
2020,7/9/2020,GR27 X GR09,MCR,C36,06 Inventory_4,4/9/2021,9,482,6.74
2020,7/9/2020,GR27 X GR11,MCR,B01,06 Inventory_4,4/9/2021,9,1211,4.53
2020,7/9/2020,GR27 X GR12,MCR,B04,06 Inventory_4,4/9/2021,9,450,4.87
2020,7/9/2020,GR27 X GR12,MCR,C23,06 Inventory_4,4/9/2021,9,129,4.87
2020,7/9/2020,GR27 X GR12,MCR,C29,06 Inventory_4,4/9/2021,9,190,4.87
2020,7/9/2020,GR27 X OR50,MCR,B21,06 Inventory_4,4/9/2021,9,449,5.33
2020,7/9/2020,GR27 X OR50,MCR,B24,06 Inventory_4,4/9/2021,9,529,5.33
2020,7/9/2020,GR27 X OR50,MCR,C30,06 Inventory_4,4/9/2021,9,1200,5.33
2020,7/9/2020,GR27 X OR50,MCR,C35,06 Inventory_4,4/9/2021,9,618,5.33
2020,6/25/2020,GR02 X GR20,MCR,C39,06 Inventory_4,4/9/2021,9,427,2.9
2020,6/25/2020,GR02 X OR91,MCR,25,06 Inventory_4,4/9/2021,9,308,5.97
2020,7/30/2020,GR18 X GR13,MCR,B30,06 Inventory_4,4/9/2021,8,1000,7.03
2020,7/30/2020,GR18 X GR13,MCR,C10,06 Inventory_4,4/9/2021,8,687,7.03
2020,7/30/2020,GR18 X GR17,MCR,B19,06 Inventory_4,4/9/2021,8,189,7.14
2020,7/30/2020,GR18 X GR24,MCR,B12,06 Inventory_4,4/9/2021,8,360,6.83
2020,7/30/2020,GR18 X GR24,MCR,C38,06 Inventory_4,4/9/2021,8,565,6.83
2020,7/30/2020,GR18 X OR87,MCR,B22,06 Inventory_4,4/9/2021,8,412,5.06
2020,7/30/2020,GR18 X OR87,MCR,C24,06 Inventory_4,4/9/2021,8,151,5.06
2020,7/30/2020,GR18 X OR91,MCR,B34,06 Inventory_4,4/9/2021,8,400,5.17
2020,7/30/2020,GR18 X OR95,MCR,B17,06 Inventory_4,4/9/2021,8,259,5.36
2020,7/30/2020,GR18 X OR95,MCR,B37,06 Inventory_4,4/9/2021,8,367,5.36
2020,7/30/2020,GR18 X OR95,MCR,C20,06 Inventory_4,4/9/2021,8,41,5.36
2020,7/30/2020,GR18 X OR95,MCR,C33,06 Inventory_4,4/9/2021,8,400,5.36
2020,7/30/2020,GR26 X GR13,MCR,C27,06 Inventory_4,4/9/2021,8,80,5.51
2020,7/30/2020,GR26 X GR13,MCR,C34,06 Inventory_4,4/9/2021,8,528,5.51
2020,7/30/2020,GR26 X GR13,MCR,C37,06 Inventory_4,4/9/2021,8,262,5.51
2020,8/13/2020,GR23 X GR25,MCR,B39,06 Inventory_4,4/9/2021,7,806,5.72
2020,8/13/2020,GR23 X OR44,MCR,C40,06 Inventory_4,4/9/2021,7,827,5.43
2020,8/13/2020,GR23 X OR46,MCR,D03,06 Inventory_4,4/9/2021,7,915,4.78
2020,8/13/2020,GR23 X OR46,MCR,D12,06 Inventory_4,4/9/2021,7,1062,4.78
2020,8/13/2020,GR23 x OR86,MCR,B23,06 Inventory_4,4/9/2021,7,881,5.14
2020,8/13/2020,GR23 x OR86,MCR,D01,06 Inventory_4,4/9/2021,7,636,5.14
2020,8/13/2020,GR23 X OR87,MCR,D02,06 Inventory_4,4/9/2021,7,402,4.46
2020,8/13/2020,GR23 X OR87,MCR,B32,06 Inventory_4,4/9/2021,7,556,4.46
2020,6/11/2020,"GR26 X GR17, GR24",MCR,B40,06 Inventory_4,4/15/2021,10,1098,5.26
2020,6/11/2020,GR26 X GR17,MCR,C25,06 Inventory_4,4/15/2021,10,823,5.17
2020,6/11/2020,GR26 X OR14,MCR,C31,06 Inventory_4,4/15/2021,10,324,5.36
2020,6/11/2020,GR26 X OR44,MCR,B02,06 Inventory_4,4/15/2021,10,960,5.15
2020,6/11/2020,GR26 X OR44,MCR,B20,06 Inventory_4,4/15/2021,10,568,4.27
2020,7/9/2020,GR16 X GR07,MCR,B33,06 Inventory_4,4/15/2021,9,561,5.94
2020,7/9/2020,GR27 X GR07,MCR,B27,06 Inventory_4,4/15/2021,9,634,5.74
2020,7/9/2020,GR27 X GR07,MCR,C18,06 Inventory_4,4/15/2021,9,1169,4.65
2020,8/13/2020,GR23 X OR85,MCR,C11,06 Inventory_4,4/15/2021,8,339,4.83
2020,8/13/2020,GR23 X OR85,MCR,B26,06 Inventory_4,4/15/2021,8,127,8.04
2021,5/19/2021,"GR22 X GR20, OR52",MCR,26,Outplant_5,4/6/2022,10,11,23.07
2021,6/2/2021,"GR26 X GR05, GR11, OR60",MCR,27,Outplant_5,4/6/2022,10,139,16.08
2021,6/2/2021,GR26 X OR97,MCR,28,Outplant_5,4/6/2022,10,278,12.66
2021,7/14/2021,"GR26, GR37 X OR57, OR87, OR95",MCR,29,Outplant_5,4/6/2022,8,47,12.74
2021,5/19/2021,"GR38 X GR20, OR52",MCR,30,Outplant_5,4/6/2022,10,90,19.89
2021,6/16/2021,GR38 X GR35,MCR,31,Outplant_5,4/6/2022,9,141,16.26
2021,6/16/2021,GR38 X GR46,MCR,32,Outplant_5,4/6/2022,9,19,16.44
2021,6/16/2021,GR38 X GR49,MCR,33,Outplant_5,4/6/2022,9,522,8.52
2021,6/16/2021,"GR41 X GR35, GR46, GR49",MCR,34,Outplant_5,4/6/2022,9,69,11.32
2021,6/16/2021,GR41 X GR43,MCR,35,Outplant_5,4/6/2022,9,313,12.95
2021,7/14/2021,GR51 X GR12,MCR,36,Outplant_5,4/6/2022,8,165,9.45
2021,7/14/2021,GR51 X OR29,MCR,37,Outplant_5,4/6/2022,8,527,6.44
2021,7/14/2021,GR51 x OR33,MCR,38,Outplant_5,4/6/2022,8,25,6.71
2021,7/14/2021,GR51 X OR57,MCR,39,Outplant_5,4/6/2022,8,174,10.18
2021,7/14/2021,GR51 X OR87,MCR,40,Outplant_5,4/6/2022,8,118,11.16
2021,7/14/2021,GR51 X OR95,MCR,41,Outplant_5,4/6/2022,8,300,11.62
2021,7/14/2021,GR51 X OR29,Rosario,42,Inventory_6,5/23/2022,10,60,10.68
2021,7/14/2021,GR51 X OR29,PTMSC,43,Inventory_6,5/23/2022,10,257,8.06
2021,6/16/2021,GR38 X GR49,Rosario,44,Inventory_6,5/23/2022,11,60,11.02
2021,6/16/2021,GR38 X GR49,PTMSC,45,Inventory_6,5/23/2022,11,203,8.23
2021,7/14/2021,GR51 X OR29,Rosario,46,Inventory_6,5/23/2022,10,60,14.5
2021,7/14/2021,GR51 X OR29,PTMSC,47,Inventory_6,5/23/2022,10,280,11.1
2021,6/16/2021,GR38 X GR49,Rosario,48,Inventory_6,5/23/2022,11,66,13.71
2021,6/16/2021,GR38 X GR49,PTMSC,49,Inventory_6,5/23/2022,11,346,8.52
